,Latitude,Longitude,Postal Code,StateID,Address
0,31.2389,-85.404,36303.0,AL,1525 Montgomery Hwy
1,33.4302,-86.71,35242.0,AL,4606 Highway 280 # 100
2,34.7406,-86.664,35806.0,AL,5901 University Dr NW Ste 69
3,,,36527.0,AL,30500 State Hwy 181 Ste#242 Spanish Fort
4,32.3576,-86.169,36117.0,AL,6866 Eastchase Pkwy
5,32.3387,-86.176,36116.0,AL,8001 Vaughn Rd
6,,,35244.0,AL,"181 Main Street, Suite 141 Patton Creek S C"
7,34.7071,-86.589,35801.0,AL,"2801 Memorial Pkwy SW Space187 Huntsville, Al"
8,32.6197,-85.408,36801.0,AL,2540 Enterprise Dr
9,30.6747,-88.122,36606.0,AL,3240 Bel Air Mall B1
10,30.6825,-88.199,36608.0,AL,6808 Airport Blvd Ste H
11,30.6761,-88.122,36606.0,AL,3233 Airport Blvd
12,33.197,-87.522,35404.0,AL,1006 Veterans Memorial Pkwy
13,34.7451,-86.681,35806.0,AL,6275 University Dr NW Ste 8A
14,33.6041,-86.643,35235.0,AL,5078 Pinnacle Sq Ste 104
15,34.7406,-86.664,35806.0,AL,5901 University Dr NW # 69
16,33.3803,-86.805,35244.0,AL,1717 Montgomery Hwy S Ste 109
17,30.6688,-87.852,36527.0,AL,30500 State Highway 181 Ste 242
18,30.6667,-87.852,36527.0,AL,30316 State Highway 181
19,33.3754,-86.814,35244.0,AL,181 Main St Ste 141
20,31.2547,-85.43,36303.0,AL,3431 Montgomery Hwy STE #2
21,32.3874,-86.207,36117.0,AL,1000 Eastdale Mall # A12
22,33.197,-87.521,35404.0,AL,1140 Veterans Memorial Pkwy
23,32.3875,-86.207,36117.0,AL,1027 Eastdale Mall
0,31.2389,-85.404,36303.0,AL,1525 Montgomery Hwy
1,33.4302,-86.71,35242.0,AL,4606 Highway 280 # 100
2,34.7406,-86.664,35806.0,AL,5901 University Dr NW Ste 69
3,,,36527.0,AL,30500 State Hwy 181 Ste#242 Spanish Fort
4,32.3576,-86.169,36117.0,AL,6866 Eastchase Pkwy
5,32.3387,-86.176,36116.0,AL,8001 Vaughn Rd
6,,,35244.0,AL,"181 Main Street, Suite 141 Patton Creek S C"
7,34.7071,-86.589,35801.0,AL,"2801 Memorial Pkwy SW Space187 Huntsville, Al"
8,32.6197,-85.408,36801.0,AL,2540 Enterprise Dr
9,30.6747,-88.122,36606.0,AL,3240 Bel Air Mall B1
10,30.6825,-88.199,36608.0,AL,6808 Airport Blvd Ste H
11,30.6761,-88.122,36606.0,AL,3233 Airport Blvd
12,33.197,-87.522,35404.0,AL,1006 Veterans Memorial Pkwy
13,34.7451,-86.681,35806.0,AL,6275 University Dr NW Ste 8A
14,33.6041,-86.643,35235.0,AL,5078 Pinnacle Sq Ste 104
15,34.7406,-86.664,35806.0,AL,5901 University Dr NW # 69
16,33.3803,-86.805,35244.0,AL,1717 Montgomery Hwy S Ste 109
17,30.6688,-87.852,36527.0,AL,30500 State Highway 181 Ste 242
18,30.6667,-87.852,36527.0,AL,30316 State Highway 181
19,33.3754,-86.814,35244.0,AL,181 Main St Ste 141
20,31.2547,-85.43,36303.0,AL,3431 Montgomery Hwy STE #2
21,32.3874,-86.207,36117.0,AL,1000 Eastdale Mall # A12
22,33.197,-87.521,35404.0,AL,1140 Veterans Memorial Pkwy
23,32.3875,-86.207,36117.0,AL,1027 Eastdale Mall
0,61.1447,-149.87,99515.0,AK,601 E Dimond Blvd
1,61.212,-149.73,99504.0,AK,1130 N Muldoon Rd Ste 110
0,33.4293,-111.9,85281.0,AZ,2010 E Rio Salado Pkwy Ste 105
1,33.3197,-111.98,85044.0,AZ,4703 E Ray Rd Ste 1
2,33.393,-111.86,85202.0,AZ,1445 W Southern Ave 1020
3,33.393,-111.86,85202.0,AZ,1457 W Southern Ave # B
4,32.2972,-110.97,85704.0,AZ,90 W River Rd
5,32.2215,-110.87,85711.0,AZ,5628 E Broadway Blvd
6,33.7129,-112.1,85085.0,AZ,2310 W Happy Valley Rd Ste 1013
7,33.6364,-111.92,85254.0,AZ,16495 N Scottsdale Rd
8,33.3009,-111.74,85295.0,AZ,2703 S Market St
9,33.3057,-111.89,85226.0,AZ,3400 W Chandler Blvd Ste 1
10,33.5384,-111.88,85250.0,AZ,9019 E Indian Bend Rd
11,33.6381,-112.22,85382.0,AZ,7575 W Bell Rd Ste 102
12,33.3938,-111.69,85206.0,AZ,6355 E Southern Ave
13,33.6362,-112.22,85382.0,AZ,16840 N 77th Ave
14,33.375,-111.94,85283.0,AZ,5325 S Kyrene Rd.
15,33.4647,-112.27,85392.0,AZ,10005 W McDowell Rd Ste 104
16,32.2864,-110.97,85705.0,AZ,475 W Wetmore Rd Ste 101
17,34.5736,-112.36,86314.0,AZ,5621 E State Route 69 Ste 110
18,33.3782,-111.92,85283.0,AZ,1030 E Baseline Rd
19,33.7073,-112.27,85383.0,AZ,24640 N Lake Pleasant Pkwy
0,,,72211.0,AR,12305 Suite A Chenal Parkway Chenal Parkway
1,36.3348,-94.178,72756.0,AR,4407 W Walnut St
2,34.7894,-92.222,72117.0,AR,4205 E McCain Blvd
3,34.752,-92.412,72211.0,AR,12305 Chenal Pkwy Ste A
4,35.817,-90.668,72401.0,AR,2303 Red Wolf Blvd
5,35.3637,-94.374,72903.0,AR,5111 Rogers Ave
6,35.8211,-90.668,72401.0,AR,3000 E Highland Dr
0,36.8084,-119.77,93710.0,CA,639 E Shaw Ave Ste 103
1,36.7296,-119.79,93706.0,CA,1526 Kern St
2,34.6015,-118.15,93551.0,CA,1233 W Rancho Vista Blvd
3,34.0725,-117.2,92374.0,CA,9990 Alabama St Ste A
4,38.6784,-121.27,95610.0,CA,7849 Greenback Ln
5,38.6757,-121.25,95628.0,CA,6048 Kifisia Way
6,37.5154,-121.98,94538.0,CA,40650 Encyclopedia Cir
7,37.6881,-121.04,95356.0,CA,3401 Dale Rd Ste 111
8,33.9579,-118.39,90045.0,CA,8726 S Sepulveda Blvd
9,37.6949,-121.93,94588.0,CA,1388 Stoneridge Mall Rd Ste D101
10,34.0733,-118.37,90048.0,CA,100 N La Cienega Blvd Ste 122
11,37.3593,-122.02,94087.0,CA,717 E El Camino Real # 9
12,32.6557,-117.06,91950.0,CA,3030 Plaza Bonita Rd Ste 2500
13,33.8251,-117.51,92881.0,CA,2690 Tuscany St Ste 110
14,34.0699,-117.92,91790.0,CA,112 Plaza Dr
15,40.5875,-122.39,96003.0,CA,905 Suite 1-D Dana Drive Discovery Village
16,37.6768,-122.46,94014.0,CA,47 Colma Blvd
17,37.6961,-121.93,94588.0,CA,2477 Stoneridge Mall Rd
18,32.6289,-117.08,91910.0,CA,555 Broadway Ste 1072
19,34.0355,-118.08,90640.0,CA,2163 Montebello Town Ctr
20,33.1128,-117.09,92029.0,CA,1276 B Auto Park Way 165
21,38.4235,-121.41,95758.0,CA,7427 Laguna Blvd Ste 100
22,33.7216,-116.39,92260.0,CA,72840 Highway 111
23,36.8084,-119.69,93612.0,CA,1050 Shaw Ave
24,34.1054,-118.07,91780.0,CA,5827 Rosemead Blvd
25,37.3202,-120.48,95348.0,CA,765 Merced Mall # A16
26,36.9755,-121.96,95010.0,CA,1855 41st Ave
27,37.9671,-122.06,94520.0,CA,112 Sun Valley Mall
28,33.1796,-117.32,92008.0,CA,2525 El Camino Real Ste 203
29,37.5281,-122.0,94560.0,CA,1097 Newpark Mall
30,33.8261,-117.83,92865.0,CA,1500 E Village Way
31,32.8327,-117.14,92111.0,CA,8199 Clairemont Mesa Blvd 6
32,33.8717,-118.06,90703.0,CA,17550 Bloomfield Ave Ste B1
33,33.9372,-118.12,90241.0,CA,251 Stonewood St # F05
34,38.2603,-122.05,94533.0,CA,1350 Travis Blvd Space VI Solano Mall
35,34.2842,-118.71,93063.0,CA,2643 Tapo Canyon Rd
36,38.5796,-121.5,95814.0,CA,547 L St
37,39.7272,-121.8,95928.0,CA,1950 E 20th St
38,36.3102,-119.31,93277.0,CA,2226 S Mooney Blvd Unit A15
39,37.9617,-121.73,94531.0,CA,5789 Lone Tree Way
40,34.1427,-118.4,91604.0,CA,12457 Ventura Blvd
41,34.1861,-118.6,91367.0,CA,6400 Owensmouth Ave
42,36.9804,-121.96,95010.0,CA,2145 41st Ave
43,34.1353,-118.05,91007.0,CA,400 S Baldwin Ave
44,33.911,-117.46,92503.0,CA,3764 Tyler St
45,37.5487,-122.31,94403.0,CA,1960 S El Camino Real
46,37.7109,-120.95,95367.0,CA,2401 Claribel Rd Ste A
47,38.6545,-121.12,95630.0,CA,2761 E Bidwell St Ste 500
48,37.2925,-121.99,95129.0,CA,1640 Saratoga Ave
49,38.0874,-122.55,94945.0,CA,236 Vintage Way Ste P
50,37.4738,-122.21,94061.0,CA,2505 El Camino Real
51,32.9165,-117.12,92126.0,CA,10761 Westview Pkwy
52,37.1546,-121.65,95037.0,CA,1031 Cochrane Rd Ste 140
53,33.8635,-118.35,90504.0,CA,18407 Hawthorne Blvd
54,37.9372,-122.51,94904.0,CA,2048 Redwood Hwy
55,32.7678,-117.02,91942.0,CA,"5465 Grossmon: T Center Drive, D Grossmon: T Plaza II"
56,34.6015,-118.15,93551.0,CA,1201 W Rancho Vista Blvd
57,36.5858,-121.89,93940.0,CA,390 Del Monte Ctr
58,33.8711,-118.35,90278.0,CA,1815 Hawthorne Blvd # Ste 371
59,37.8948,-122.06,94596.0,CA,1101 Locust St
60,33.9134,-117.88,92821.0,CA,1002 Brea Mall
61,37.7118,-122.16,94577.0,CA,1239 Marina Blvd
62,38.7729,-121.26,95678.0,CA,1224 Galleria Blvd
63,33.9178,-117.88,92821.0,CA,985 E Birch St Ste B
64,33.5602,-117.67,92691.0,CA,27632 Crown Valley Pkwy
65,34.1064,-117.53,91739.0,CA,12238 Foothill Blvd Ste 150
66,33.9848,-118.43,90292.0,CA,13161 Mindanao Way # D6
67,32.7693,-117.15,92108.0,CA,5171 Mission Center Rd Ste B
68,38.4598,-122.72,95403.0,CA,1001 Steele Ln
69,37.9781,-122.06,94523.0,CA,552 Contra Costa Blvd
70,38.4235,-121.41,95758.0,CA,7423 Laguna Blvd Ste 300
71,33.6865,-117.81,92606.0,CA,3730 Barranca Pkwy
72,33.1832,-117.33,92054.0,CA,2555 Vista Way Ste C
73,34.1784,-118.87,91360.0,CA,33 N Moorpark Rd Ste C
74,37.7052,-121.92,94568.0,CA,7016 Amador Plaza Rd
75,35.2629,-120.67,93405.0,CA,283 Madonna Rd Ste C
76,33.5254,-117.15,92591.0,CA,40820 Winchester Rd Ste 1400
77,38.0014,-121.31,95207.0,CA,5756 Pacific Ave Ste 44
78,32.8687,-117.21,92122.0,CA,8650 Genesee Ave Ste 224
79,33.6186,-117.7,92630.0,CA,23700 El Toro Rd The Arbor
80,37.7752,-121.97,94583.0,CA,2441 San Ramon Valley Blvd
81,34.1471,-118.24,91206.0,CA,120 N Glendale Ave
82,33.7301,-117.99,92647.0,CA,7738 Edinger Ave
83,34.0423,-118.14,91754.0,CA,1901 S Atlantic Blvd
84,,,95118.0,CA,5353 Almaden Expy Ste 39 Almaden Plaza
85,34.0871,-117.68,91763.0,CA,9177 Central Ave Ste A
86,37.8053,-122.27,94612.0,CA,300 Frank H Ogawa Plz Ste 110
87,38.6751,-121.27,95610.0,CA,6177 Sunrise Blvd
88,37.37,-122.04,94087.0,CA,804 W El Camino Real
89,,,92024.0,CA,1042 H North El Camino Real Encinitas Ranch Twn Cntr
90,,,95123.0,CA,925 Blossom Hill Rd Ste 1002 Oakridge Mall
91,34.2829,-118.76,93065.0,CA,1555 Simi Town Center Way Ste 590
92,37.3234,-121.95,95117.0,CA,3121 Stevens Creek Blvd
93,33.7287,-116.4,92260.0,CA,72290 Highway 111
94,32.8386,-116.97,92071.0,CA,9910 Mission Gorge Rd Ste 8A
95,34.1886,-118.32,91502.0,CA,1403 N Victory Pl
96,34.0841,-117.29,92408.0,CA,895 S E St
97,34.4181,-118.55,91355.0,CA,24145 Magic Mountain Pkwy
98,37.6692,-122.47,94015.0,CA,42 Serramonte Ctr
99,34.4191,-119.69,93101.0,CA,719 State St
100,32.9817,-117.07,92128.0,CA,11950 Carmel Mountain Rd Ste 228
101,,,94551.0,CA,2980 Livermore Outlets Dr # 285
102,38.5975,-121.41,95825.0,CA,1701 Ethan Way
103,,,94588.0,CA,1388 Stoneridge Mall #D101 Stoneridge Mall
104,37.527,-122.0,94560.0,CA,5810 Newpark Mall Dr
105,33.9972,-117.71,91710.0,CA,4004 Grand Ave Ste D
106,37.9877,-122.31,94564.0,CA,1358 Fitzgerald Dr
107,34.1386,-118.13,91101.0,CA,406 S Lake Ave
108,38.6389,-121.49,95834.0,CA,3635 N Freeway Blvd
109,34.0378,-118.47,90403.0,CA,2838 Wilshire Blvd
110,37.8375,-122.29,94608.0,CA,5727 Christie Ave # C4
111,37.6957,-121.93,94588.0,CA,2013 Stoneridge Mall Rd
112,34.0702,-117.2,92374.0,CA,27530 W Lugonia Ave # B7
113,33.7758,-117.86,92868.0,CA,745 S Main St
114,37.4284,-121.92,95035.0,CA,200 Ranch Dr
115,,,94588.0,CA,1 Stoneridge Mall Rd
116,37.786,-122.4,94108.0,CA,17 Stockton St
117,36.8084,-119.77,93710.0,CA,645 E Shaw Ave
118,36.8086,-119.77,93710.0,CA,488 E Shaw Ave
119,37.5172,-121.99,94538.0,CA,6160 Stevenson Blvd
120,34.2237,-119.15,93036.0,CA,1991 E Ventura Blvd
121,37.7861,-122.4,94103.0,CA,785 Market St
122,34.2342,-118.55,91324.0,CA,9021 Tampa Ave
123,37.3238,-121.95,95050.0,CA,3121 Stevens Creek Blvd
124,33.7765,-117.86,92705.0,CA,2800 N Main St
125,33.8538,-118.13,90712.0,CA,4447 Candlewood St
126,33.8994,-118.03,90670.0,CA,14063 Stage Rd
127,,,92591.0,CA,"40788 Winchester Road, Suite A Promenade Mall"
128,37.518,-121.99,94538.0,CA,6100 Stevenson Blvd
129,34.0739,-117.2,92374.0,CA,9900 Alabama St
130,37.5014,-121.97,94538.0,CA,43805 Pacific Commons Blvd
131,37.6881,-121.04,95356.0,CA,3401 Dale Rd
132,37.6768,-122.46,94014.0,CA,43 Colma Blvd
133,39.7272,-121.8,95928.0,CA,1964 E 20th St # 501
134,,,95928.0,CA,1950 East 20th St Ste E-501 Chico Mall
135,37.2504,-121.86,95123.0,CA,925 Blossom Hill Rd Ste 1002
136,33.0665,-117.26,92024.0,CA,1042H N El Camino Real
137,33.9372,-118.12,90241.0,CA,208 Stonewood St
138,37.2522,-121.87,95118.0,CA,5353 Almaden Expy Ste 39
139,34.1401,-118.02,91006.0,CA,336 E Huntington Dr
140,36.8084,-119.7,93612.0,CA,488 Shaw Ave
141,34.0167,-118.45,90405.0,CA,2951 28th St
142,,,94577.0,CA,192 Marina Blvd
143,37.959,-122.5,94901.0,CA,75 Bellam Blvd # 75J
144,34.2283,-118.55,91324.0,CA,8726 Tampa Ave
145,34.029,-118.48,90403.0,CA,1701 Wilshire Blvd
146,38.6784,-121.27,95610.0,CA,7843 Greenback Ln
147,40.5861,-122.35,96003.0,CA,909 Dana Dr
148,38.4235,-121.41,95758.0,CA,7243 Laguna Blvd
149,37.4284,-121.92,95035.0,CA,198 Ranch Dr
150,37.524,-121.99,94560.0,CA,5810 Newpark Plz
151,33.5258,-117.15,92591.0,CA,40788 Winchester Rd Ste A
152,38.2581,-122.05,94533.0,CA,1350 Travis Blvd # W11
153,38.258,-122.05,94533.0,CA,1385 Travis Blvd
154,32.641,-117.05,91910.0,CA,344 E H St
155,32.9774,-117.09,92129.0,CA,11095 Carmel Mountain Rd
156,34.1489,-118.25,91203.0,CA,100 N Brand Blvd Suite#101 Brand Blvd
157,34.1462,-118.25,91203.0,CA,100 N Brand Blvd
158,34.0698,-117.92,91790.0,CA,426 Plaza Dr Ste 1420
159,35.3395,-119.03,93304.0,CA,3006 Ming Ave Ste A
160,33.6949,-117.88,92704.0,CA,3930 S Bristol St Ste 101
161,34.1444,-118.25,91210.0,CA,2306 Glendale Galleria
162,33.9865,-118.39,90230.0,CA,140 Fox Hills Mall
163,33.8657,-118.09,90703.0,CA,11131 183rd St
0,40.0147,-105.26,80302.0,CO,2525 Arapahoe Ave
1,39.6027,-104.7,80016.0,CO,6295 S Main St
2,38.8819,-104.71,80922.0,CO,3544 New Center Pt
3,39.0894,-108.6,81505.0,CO,2424 Highway 6 And 50
4,39.6231,-105.09,80123.0,CO,5132 S Wadsworth Blvd Unit 120
5,39.7129,-104.82,80012.0,CO,14181 E Cedar Ave
6,39.8565,-105.06,80031.0,CO,8801 Harlan St Ste C
7,39.7194,-104.95,80206.0,CO,201 Fillmore St
8,39.566,-104.96,80126.0,CO,2040 E County Line Rd
9,38.9409,-104.8,80920.0,CO,7580 Goddard St
10,38.8039,-104.81,80906.0,CO,2014 Southgate Rd
11,39.6032,-104.7,80016.0,CO,6262 S Central St
12,38.878,-104.71,80922.0,CO,3130 New Center Pt
13,40.5374,-105.07,80525.0,CO,3636 S College Ave
14,39.5588,-104.87,80124.0,CO,8699 Park Meadows Center Dr
15,39.7092,-105.08,80226.0,CO,415 S Wadsworth Blvd Unit A
16,39.9313,-105.12,80021.0,CO,160 E Flatiron Crossing Dr
17,40.0147,-105.25,80301.0,CO,1600 28th St Unit 1220
18,39.7833,-104.85,80239.0,CO,4800 Lima St
19,39.6098,-105.09,80123.0,CO,8501 W Bowles Ave
20,39.0894,-108.6,81505.0,CO,2424 Highway 6 And 50 And 50 # 300
21,39.705,-105.08,80226.0,CO,650 S Wadsworth Blvd
22,39.6964,-104.82,80012.0,CO,1113 S Abilene Ct # 107
23,,,80120.0,CO,8501 W Littleton Blvd
0,41.23,-73.219,6611.0,CT,5065 Main St # 1096
1,41.7261,-72.762,6032.0,CT,500 South Rd
2,41.8088,-72.55,6042.0,CT,95 Buckland Hills Dr
3,41.3456,-72.137,6385.0,CT,CRYSTAL Mall
4,,,6810.0,CT,"7 Backus Ave, Space C103-105 Danbury Fair Mall"
5,41.9896,-72.576,6082.0,CT,48 Hazard Ave
6,41.1385,-73.331,6880.0,CT,950 Post Rd E
7,41.3748,-73.487,6810.0,CT,15 Backus Ave 17
8,41.8112,-72.554,6074.0,CT,95 Buckland Rd
9,41.8096,-72.547,6042.0,CT,194 Buckland Hills Dr Ste 1072
10,41.5507,-72.803,6451.0,CT,470 Lewis Ave Ste 40
11,41.5478,-73.026,6706.0,CT,495 Union St Ste 2180
12,41.2377,-73.037,6460.0,CT,1270 Boston Post Rd
13,41.3723,-72.917,6514.0,CT,2300 Dixwell Ave
14,41.2753,-72.991,6477.0,CT,116 Boston Post Rd
15,41.7253,-72.759,6110.0,CT,1455 New Britain Ave
16,41.8166,-72.866,6092.0,CT,6 Albany Tpke
17,41.0671,-73.546,6905.0,CT,2254 Summer St
18,41.5545,-72.812,6451.0,CT,495 Chamberlain Hwy
19,41.3748,-72.141,6385.0,CT,850 Hartford Tpke Ste L113
0,39.1912,-75.543,19901.0,DE,1365 N Dupont Hwy Ste 2050
1,39.8204,-75.547,19803.0,DE,4737 Concord Pike
2,39.6805,-75.65,19702.0,DE,675 Christiana Mall
3,39.8183,-75.548,19803.0,DE,4701 Concord Pike
4,39.6752,-75.649,19702.0,DE,850 Center Blvd
0,,,33125.0,FL,KENDALL Town & Country Mall
1,25.6875,-80.386,33183.0,FL,8722 Mills Dr # A12
2,28.5716,-81.542,34761.0,FL,W Oaks Mall
3,26.2559,-80.1,33062.0,FL,1901 N Federal Hwy
4,26.2443,-80.253,33071.0,FL,1203 N University Dr
5,30.4208,-87.217,32504.0,FL,CORDOVA Mall
6,27.9532,-82.505,33607.0,FL,1101 N Dale Mabry Hwy 101
7,27.9283,-82.324,33511.0,FL,609 Brandon Town Center Mall
8,26.2077,-80.159,33309.0,FL,6600 NW 12th Ave
9,27.2333,-82.497,34238.0,FL,8201 S Tamiami Trl Unit A024
10,30.3887,-86.432,32541.0,FL,4424 Commons Dr E Unit 551
11,26.1449,-80.319,33323.0,FL,12605A W Sunrise Blvd
12,28.6636,-81.378,32701.0,FL,451 E Altamonte Dr
13,26.1207,-80.254,33388.0,FL,8000 W Broward Blvd Ste 820
14,28.4498,-81.4,32809.0,FL,8001 S Orange Blossom Trl
15,26.7104,-80.129,33414.0,FL,PLAZA At Wellington Green
16,,,34787.0,FL,"3239 Daniels Rd, 102 And 104 Winter Garden Village"
17,27.2478,-80.273,34957.0,FL,2730 NW Federal Hwy
18,28.0564,-82.432,33612.0,FL,2266 University Square Mall
19,28.0668,-82.576,33625.0,FL,8099 Citrus Park Town Center Mall
20,,,32605.0,FL,6751 W Newberry Rd 5A
21,26.8425,-80.09,33410.0,FL,11295 Legacy Ave Unit 110
22,25.9558,-80.146,33180.0,FL,19501 Biscayne Blvd #1799
23,26.5214,-81.898,33919.0,FL,7461 Winkler Rd
24,25.6876,-80.312,33156.0,FL,7268 SW 89th St
25,,,34761.0,FL,9401 W Colonial Dr #400 West Oaks Mall
26,26.0076,-80.31,33026.0,FL,12202 Pines Blvd
27,25.7493,-80.261,33134.0,FL,350 Miracle Mile
28,28.0917,-81.974,33809.0,FL,3800 US Highway 98 N Ste 510
29,28.6637,-81.377,32701.0,FL,430 E Altamonte Dr
30,26.6509,-80.207,33414.0,FL,10300 Forest Hill Blvd Ste 244B
31,29.6597,-82.416,32605.0,FL,6915 W Newberry Rd
32,28.5531,-81.349,32803.0,FL,2606 E Colonial Dr
33,27.32,-82.529,34239.0,FL,1507 S Tamiami Trl
34,30.4744,-87.211,32504.0,FL,5100 N 9th Ave Ste F601
35,28.555,-81.206,32828.0,FL,"688 N Alafaya Trl #101 102 Orlando, Fl"
36,30.2589,-81.527,32246.0,FL,4624 Town Crossing Dr Ste 101
37,26.0078,-80.3,33026.0,FL,11401 Pines Blvd
38,28.4893,-81.429,32839.0,FL,4194 Conroy Rd Ste 101
39,28.551,-81.603,34787.0,FL,14748 W Colonial Dr
40,,,32114.0,FL,1700 W Intl Speedway Blvd #543 Volusia Mall
41,27.794,-82.728,33710.0,FL,2480 66th St N
42,30.1821,-81.551,32256.0,FL,10300 Southside Blvd Ste 230
43,27.2335,-80.267,34994.0,FL,2730 NW Federal Hwy
44,30.187,-81.737,32073.0,FL,1939 Wells Rd
45,28.0787,-80.649,32904.0,FL,1745 W New Haven Ave
46,26.1493,-80.119,33305.0,FL,1638 N Federal Hwy
47,26.2722,-81.799,34110.0,FL,1000 Immokalee Rd Ste 10
48,,,33431.0,FL,6000 Glades Road #1113 Town Center @ Boca Raton
49,26.24,-80.252,33071.0,FL,9561 W Atlantic Blvd
50,26.5882,-81.871,33907.0,FL,4951 S Cleveland Ave
51,27.9604,-82.727,33759.0,FL,2683 Gulf To Bay Blvd
52,28.497,-81.428,32839.0,FL,4640 Millenia Plaza Way
53,29.1795,-81.08,32114.0,FL,2500 W International Speedway Blvd
54,26.4074,-81.808,33928.0,FL,23050 Via Villagio Ste 101
55,28.0934,-81.974,33809.0,FL,3957 US Highway 98 N
56,28.6629,-81.24,32765.0,FL,1405 Oviedo Marketplace Blvd
57,25.7897,-80.368,33172.0,FL,1650 NW 107th Ave
58,30.4755,-81.643,32218.0,FL,13141 City Station Dr Ste 101
59,29.6597,-82.414,32605.0,FL,6751 W Newberry Rd
60,25.9484,-80.146,33180.0,FL,18707 Biscayne Blvd
61,30.2586,-81.527,32246.0,FL,4668 Town Crossing Dr Ste 119
62,25.8665,-80.306,33012.0,FL,1190 W 49th St
63,26.7067,-80.107,33409.0,FL,4256 Okeechobee Blvd
64,27.9381,-82.324,33511.0,FL,115 Brandon Town Center Dr
65,28.1297,-82.367,33647.0,FL,18025 Highwoods Preserve Pkwy
66,28.0662,-82.57,33625.0,FL,8009 Citrus Park Dr
67,28.3471,-81.418,34741.0,FL,3299 Greenwald Way N
68,26.1207,-80.257,33324.0,FL,8110 W Broward Blvd
69,26.4037,-81.807,33928.0,FL,23106 Fashion Dr Ste 107
70,30.3216,-81.55,32225.0,FL,9501 Arlington Expy Ste 310
71,25.5763,-80.371,33189.0,FL,20505 S Dixie Hwy
72,,,32301.0,FL,16341B Governors Square Blvd
73,27.961,-82.523,33607.0,FL,2223 N West Shore Blvd #150
74,26.5294,-80.09,33426.0,FL,379 N Congress Ave
75,25.9429,-80.148,33160.0,FL,18117 Biscayne Blvd
76,26.3686,-80.137,33431.0,FL,6000 Glades Rd Ste 1113
77,25.6653,-80.324,33156.0,FL,11341 S Dixie Hwy
78,30.4391,-84.254,32301.0,FL,1594 Governors Square Blvd # 1
79,26.156,-80.316,33323.0,FL,2610 Sawgrass Mills Cir
80,26.4351,-81.772,33928.0,FL,10801 Corkscrew Rd Ste 65
81,,,33618.0,FL,13242 N Dale Mabry Hwy 5961
82,25.6874,-80.312,33156.0,FL,8910 SW 72nd Ct
83,30.4832,-87.222,32503.0,FL,5912 N Davis Hwy Ste A
84,26.6444,-80.203,33414.0,FL,2335 S State Road 7 Ste 500
85,,,33426.0,FL,801 North Congress Ave #397 Boynton Beach Mall
86,26.5356,-80.09,33426.0,FL,830 N Congress Ave Ste 130
87,27.9528,-82.505,33607.0,FL,1101 N Dale Mabry Hwy Ste 101
88,28.5518,-81.514,34761.0,FL,9401 W Colonial Dr Ste 400
89,26.138,-80.113,33304.0,FL,2473 E Sunrise Blvd
90,,,32413.0,FL,"15750 Panama City Beach Pkwy #100 Panama City Beach, Fl"
91,26.7238,-80.084,33401.0,FL,1751 Palm Beach Lakes Blvd
92,26.5356,-80.09,33426.0,FL,801 N Congress Ave Ste 397
93,,,33189.0,FL,20505 South Dixie Highway Southland Mall
94,30.439,-84.253,32301.0,FL,1634 Governors Square Blvd
95,28.0693,-82.506,33618.0,FL,13242 N Dale Mabry Hwy Ste 5961
96,,,33018.0,FL,7547 W 88th St
97,27.9606,-82.725,33759.0,FL,2719 Gulf To Bay Blvd Ste 1135
98,30.1828,-81.556,32256.0,FL,10140 Philips Hwy
99,28.2413,-80.728,32940.0,FL,6670 Colonnade Ave Ste 101
100,25.6887,-80.312,33156.0,FL,7535 N Kendall Dr # 1060
101,26.368,-80.185,33434.0,FL,8903 Glades Rd
102,30.4832,-87.222,32503.0,FL,5912 N Davis Hwy
103,26.2131,-80.137,33069.0,FL,1401 SW 10th Ave
0,33.9366,-84.154,30093.0,GA,4444 Shackleford Rd
1,33.9391,-83.459,30606.0,GA,3700 Atlanta Hwy Ste 173
2,33.9283,-84.343,30346.0,GA,4511 Olde Perimeter Way
3,33.9391,-83.459,30606.0,GA,3700 Atlanta Hwy Ste 112
4,33.8673,-84.016,30078.0,GA,2055 Scenic Hwy N
5,33.8489,-84.365,30326.0,GA,3393 Peachtree Rd NE
6,33.7272,-84.736,30135.0,GA,2050 Arbor Place Mall
7,33.7292,-84.75,30135.0,GA,6700 Douglas Blvd
8,,,30342.0,GA,NORTHLAKE Mall
9,33.9579,-84.133,30096.0,GA,2131 Pleasant Hill Rd
10,33.9827,-84.428,30062.0,GA,4250 Roswell Rd Ste 610
11,34.069,-83.985,30519.0,GA,3385 Woodward Crossing Blvd
12,33.6977,-84.09,30038.0,GA,7200 Stonecrest Pkwy Lthnia
13,33.9428,-84.625,30064.0,GA,"425 Ernest W Barrett Pkwy., Suite 5000"
14,33.7489,-84.387,30345.0,GA,"1000 N Lake Dr, #2035, Canton, GA 30115"
15,33.5647,-84.326,30260.0,GA,1954 Mount Zion Rd
16,,,31206.0,GA,3661 Eisenhower Pkwy Ste 80 Colonial Mall Macon
17,33.4866,-82.081,30909.0,GA,263 Robert C Daniel Jr Pkwy
18,33.5716,-84.342,30260.0,GA,6735 Jonesboro Rd Ste F
19,33.8517,-84.36,30326.0,GA,3500 Peachtree Rd NE # Ste E24
20,33.7296,-84.738,30135.0,GA,9330 The Landing Dr
21,33.4673,-82.08,30909.0,GA,3450 Wrightsboro Rd Ste 1410
22,32.0029,-81.123,31406.0,GA,7929 Abercorn St Ste 205
23,,,31909.0,GA,5555 Whittlesey Blvd Ste 1540 Columbus Park S C
24,31.6143,-84.217,31707.0,GA,2601 Dawson Rd Ste A17
25,33.8892,-84.01,30078.0,GA,SCENIC Highway
26,33.8809,-84.464,30339.0,GA,2931 Cobb Pkwy SE
27,33.3892,-84.762,30265.0,GA,335 Newnan Crossing Byp Ste 1
28,33.9206,-84.343,30346.0,GA,1121 Hammond Dr NE
29,33.9533,-84.658,30064.0,GA,3625 Dallas Hwy SW Ste 680
30,32.506,-84.947,31909.0,GA,3131 Manchester Expy
31,34.0689,-83.985,30519.0,GA,3333 Buford Dr Ste 2019A
32,,,30144.0,GA,440 Barrett Pkwy #35 Main St @ Towne Ctr
33,33.48,-84.445,30214.0,GA,143 Pavilion Pkwy
34,33.8979,-84.006,30078.0,GA,1350 Scenic Hwy N Ste 304
35,33.9473,-83.398,30606.0,GA,1061 Baxter St
36,33.4644,-84.217,30253.0,GA,1876 Jonesboro Rd
37,32.5462,-84.944,31909.0,GA,5555 Whittlesey Blvd 1540
38,32.8159,-83.696,31206.0,GA,3661 Eisenhower Pkwy Ste 80
39,32.9288,-83.713,31210.0,GA,5080 Riverside Dr Ste 322
40,34.0136,-84.562,30144.0,GA,425 Ernest W Barrett Pkwy NW
41,33.8817,-84.465,30339.0,GA,"2905 Cobb Pkwy SE Ste 200 Atlanta, Ga"
42,33.9577,-84.229,30092.0,GA,705 Westech Dr
43,33.8816,-84.533,30080.0,GA,2931 S Cobb Dr SE
44,33.8439,-84.37,30305.0,GA,3255 Peachtree Rd NE
45,34.0003,-84.14,30096.0,GA,3394 Howell St
46,32.5083,-84.937,31909.0,GA,3507 Manchester Expy Ste 22
47,33.7516,-84.55,30336.0,GA,140 James Aldredge Blvd SW
48,33.5158,-82.069,30907.0,GA,3319 Washington Rd
49,33.9568,-84.129,30096.0,GA,3505 Gwinnett Place Dr
0,21.2937,-157.85,96814.0,HI,310 Kamakee St Spc 10
0,43.4814,-111.98,83406.0,ID,1779 S 25th E
1,43.6094,-116.28,83704.0,ID,510 N Milwaukee St Spc 102
2,42.594,-114.45,83301.0,ID,1843 Blue Lakes Blvd N
0,39.7641,-89.703,62704.0,IL,2501 Wabash Ave # D14c
1,,,60014.0,IL,4777 NW Highway Rose Plaza
2,38.5958,-89.985,62208.0,IL,6651 N Illinois St
3,41.5794,-88.165,60431.0,IL,3340 Mall Loop Dr
4,41.9103,-87.633,60610.0,IL,1555 N La Salle Dr
5,41.7196,-87.772,60453.0,IL,6101 W 95th St
6,41.8137,-87.869,60525.0,IL,52 S La Grange Rd
7,38.5897,-89.996,62208.0,IL,265 Saint Clair Sq
8,42.3858,-87.974,60031.0,IL,7075 Grand Ave # 3B
9,41.8832,-87.626,60602.0,IL,25 E Washington St Ste 105
10,40.6921,-89.587,61613.0,IL,2200 Northwoods Mall
11,41.791,-87.801,60638.0,IL,5527 S Harlem Ave
12,42.1391,-87.986,60089.0,IL,1227 W Dundee Rd
13,42.0718,-88.179,60010.0,IL,100 W Higgins Rd L10
14,41.6202,-87.844,60462.0,IL,300 Orland Square Dr
15,41.7597,-88.207,60504.0,IL,2454 Fox Valley Ctr # B17
16,41.7097,-88.202,60564.0,IL,2863 95th St
17,41.9247,-88.042,60101.0,IL,2101 W Executive Dr
18,41.9642,-87.807,60706.0,IL,4624 N Harlem Ave
19,42.0493,-88.038,60173.0,IL,G127 Woodfield Mall
20,39.7606,-89.708,62704.0,IL,3142 W White Oaks Dr
21,39.7599,-89.706,62704.0,IL,3145 S Veterans Pkwy
22,41.7066,-88.095,60440.0,IL,708 E Boughton Rd
23,41.5794,-88.165,60431.0,IL,3340 Mall Loop Dr # 1462
24,42.233,-88.335,60014.0,IL,386 W Virginia St
25,42.2643,-88.98,61108.0,IL,735 S Perryville Rd
26,41.8803,-87.627,60603.0,IL,112 S State St
27,41.9514,-88.113,60108.0,IL,739 Stratford Square Mall
28,42.1539,-88.335,60102.0,IL,2503 County Line Rd
29,41.7525,-87.942,60527.0,IL,820 75th St
30,41.832,-88.097,60189.0,IL,49 Rice Lake Sq
31,42.1544,-87.836,60015.0,IL,114 S Waukegan Rd Spc C
32,41.8885,-87.805,60305.0,IL,7203 Lake St
33,41.7623,-88.206,60504.0,IL,4404 E New York St
34,42.0795,-87.755,60091.0,IL,3232 Lake Ave Ste 350
35,40.74,-89.625,61613.0,IL,2200 W War Memorial Dr # Du09
36,40.1426,-88.255,61822.0,IL,726 W Town Center Blvd
37,42.0505,-87.746,60077.0,IL,9314 Skokie Blvd
38,42.0119,-87.768,60714.0,IL,5618 W Touhy Ave
39,41.8746,-88.34,60134.0,IL,1492 S Randall Rd Ste K
40,40.7463,-89.632,61615.0,IL,4819 N Rockwood Dr
41,41.7178,-87.74,60453.0,IL,9625 S Cicero Ave
42,42.1119,-87.979,60004.0,IL,202 E Rand Rd
43,41.9535,-87.807,60706.0,IL,7227 W Forest Preserve Dr
44,41.5961,-87.558,60409.0,IL,1374 Torrence Ave
45,41.8919,-87.624,60611.0,IL,535 N Michigan Ave
46,40.4821,-88.952,61704.0,IL,305 N Veterans Pkwy Ste 106
47,41.5046,-87.723,60443.0,IL,146 Lincoln Mall Dr Ste B
48,,,60706.0,IL,4124 North Harlem Ave Harlem-Irving Plaza
49,41.8499,-87.956,60523.0,IL,103 Oakbrook Ctr
50,41.96,-87.754,60641.0,IL,4360 N Milwaukee Ave
51,41.8462,-87.975,60181.0,IL,17W440 22nd St
52,42.2678,-88.994,61107.0,IL,6250 Mulford Village Dr
53,41.6195,-87.853,60462.0,IL,14900 S La Grange Rd
54,42.0513,-87.995,60008.0,IL,1219 Golf Rd
55,41.6189,-87.853,60462.0,IL,14932 S La Grange Rd
56,42.1002,-88.294,60118.0,IL,1154 Spring Hill Mall
57,41.9392,-88.11,60108.0,IL,357 W Army Trail Rd Ste 30
58,41.72,-87.745,60453.0,IL,4954 W 95th St
59,41.6978,-88.314,60543.0,IL,1540 Douglas Rd
60,41.7208,-87.682,60805.0,IL,9500 S Western Ave B5a
61,41.8489,-87.803,60546.0,IL,2308 Harlem Ave
62,41.9343,-87.668,60657.0,IL,2906 N Ashland Ave
63,42.2633,-87.995,60061.0,IL,HAWTHORNE Plaza
64,41.8603,-88.006,60148.0,IL,430 E Roosevelt Rd
65,41.9193,-87.661,60614.0,IL,2070 N Clybourn Ave # G
66,42.0503,-88.048,60173.0,IL,1251 E Golf Rd Ste 12
67,41.7206,-88.043,60440.0,IL,643 E Boughton Rd Ste 100
68,41.9499,-88.046,60101.0,IL,1250 N Greenbriar Dr
69,42.3859,-87.977,60031.0,IL,7105 Grand Ave unit 2H
70,41.8672,-87.64,60607.0,IL,542 W Roosevelt Rd
71,41.9566,-87.807,60706.0,IL,4124 N Harlem Ave
72,42.226,-88.29,60014.0,IL,4777 Northwest Hwy
73,41.9571,-87.807,60706.0,IL,4208 N Harlem Ave
74,41.8684,-87.639,60607.0,IL,1104 S Canal St
75,38.8899,-90.182,62002.0,IL,212 Alton Sq
76,42.0493,-88.038,60173.0,IL,G105 Woodfield Mall
77,42.2386,-87.944,60061.0,IL,700 N Milwaukee Ave Ste 112
78,42.1945,-88.109,60047.0,IL,103 S Rand Rd
79,42.0956,-88.026,60008.0,IL,3650 Industrial Ave
80,41.9761,-87.866,60018.0,IL,5220 Fashion Outlets Way Ste 1225
81,42.1004,-88.296,60118.0,IL,1432 Spring Hill Mall
82,41.7204,-88.044,60440.0,IL,631 E Boughton Rd Ste 220
83,41.5766,-88.157,60435.0,IL,2832 Plainfield Rd
84,42.0372,-88.283,60120.0,IL,160 E Chicago St
85,41.5968,-87.528,60409.0,IL,96 River Oaks Ctr Ste B1
86,39.7604,-89.706,62704.0,IL,3171 S Veterans Pkwy
87,42.0489,-87.681,60201.0,IL,1729 Sherman Ave
0,41.4717,-87.307,46342.0,IN,"2379 E 81st Ave US, Unit 30"
1,41.1147,-85.135,46805.0,IN,4201 Coldwater Rd
2,39.9052,-86.068,46250.0,IN,5868 E 82nd St
3,39.905,-86.085,46250.0,IN,5025 E 82nd St Ste 1500
4,39.9053,-86.064,46250.0,IN,6020 E 82nd St Ste 10 1/2
5,37.978,-87.474,47715.0,IN,163 N Burkhardt Rd
6,39.9972,-86.129,46032.0,IN,14400 Clay Terrace Blvd
7,38.3254,-85.767,47129.0,IN,1025 Veterans Pkwy Ste 150
8,37.9765,-87.473,47715.0,IN,6401 E Lloyd Expy Ste 11
9,40.4166,-86.838,47905.0,IN,100 S Creasy Ln Ste 1300
10,41.4736,-87.315,46410.0,IN,1657 E 80th Ave
11,39.7637,-86.329,46123.0,IN,10849 E US Highway 36
12,41.1156,-85.135,46805.0,IN,4216 Coldwater Rd
13,41.7194,-86.187,46545.0,IN,6501 Grape Rd
14,39.9942,-85.931,46060.0,IN,14139 Town Center Blvd Ste 300
15,39.6278,-86.121,46142.0,IN,789 US Highway 31 N
16,39.6287,-86.121,46142.0,IN,838 US Highway 31 N # 840
17,39.9942,-85.931,46060.0,IN,14139 Town Center Blvd # Ste 300
18,39.3945,-87.398,47802.0,IN,5783 S US Highway 41
19,,,47807.0,IN,5791-93 US Hwy 41 Honey Creek Commons
20,39.9972,-86.129,46032.0,IN,14400 Clay Terrace Blvd Ste 130
21,41.471,-87.304,46410.0,IN,2379 E 81st Ave
22,40.219,-85.38,47303.0,IN,610 E McGalliard Rd
23,41.7129,-86.187,46545.0,IN,5784 Grape Rd
24,39.6329,-86.124,46142.0,IN,1251 US Highway 31 N # K03b
0,41.2459,-95.825,51503.0,IA,1751 Madison Ave Ste 730
1,41.5962,-93.752,50265.0,IA,"1540B Valley West Dr, # 1"
2,42.4644,-92.323,50702.0,IA,2889 Crossroads Blvd
3,41.6959,-91.604,52241.0,IA,2510 Corridor Way
4,42.4641,-92.323,50702.0,IA,2837 Crossroads Blvd
5,41.7117,-93.581,50021.0,IA,1805 SE Delaware Ave Ste 1500
6,41.5958,-93.751,50266.0,IA,1551 Valley West Dr # 173
7,,,52402.0,IA,4444 First Avenue NE Lindale Mall
8,41.2229,-95.837,51501.0,IA,3617 Denmark Dr
9,41.5748,-90.514,52807.0,IA,4009 E 53rd St Ste 100
10,42.4452,-96.341,51106.0,IA,5016 Sergeant Rd
11,41.5696,-90.525,52807.0,IA,4770 Elmore Ave
12,42.0232,-91.626,52402.0,IA,4444 1st Ave NE # 515
13,41.5953,-93.751,50266.0,IA,1540 Valley West Dr
14,42.4934,-90.72,52002.0,IA,WACKER Plaza
0,38.9499,-94.742,66215.0,KS,9870 Pflumm Rd
1,37.6797,-97.248,67207.0,KS,7700 E Kellogg Dr # 1460
2,38.9166,-94.643,66211.0,KS,4829 W 117th St
3,38.9583,-94.731,66215.0,KS,9320 Marshall Dr
4,38.9543,-94.723,66215.0,KS,9590 Quivira Rd
5,38.8816,-94.759,66062.0,KS,13540 S Alden St
6,39.0318,-95.762,66604.0,KS,1920 SW Wanamaker Rd Ste 100
7,38.8836,-94.662,66223.0,KS,6655 W 135th St
8,37.7261,-97.465,67205.0,KS,NEW Market Square
9,37.727,-97.462,67205.0,KS,2441 N Maize Rd Ste 107
10,38.9544,-94.667,66212.0,KS,9570 Metcalf Ave
0,38.2966,-85.559,40241.0,KY,10517 Fischer Park Dr
1,,,40503.0,KY,3473 Nicholasville Road #862 Fayette Mall
2,36.9487,-86.424,42104.0,KY,2625 Scottsville Rd Ste 540
3,37.0764,-88.687,42001.0,KY,5101 Hinkleville Rd Ste 530
4,38.3085,-85.576,40241.0,KY,4023 Summit Plaza Dr
5,38.3081,-85.574,40241.0,KY,4370 Summit Plaza Dr
6,38.3068,-85.576,40241.0,KY,4020 Summit Plaza Dr
7,38.138,-85.673,40219.0,KY,4801 Outer Loop Ste A124
8,38.2488,-85.606,40222.0,KY,7900 Shelbyville Rd Ste F1
9,37.9836,-84.527,40503.0,KY,3707 Nicholasville Rd
10,38.9997,-84.653,41042.0,KY,7623 Mall Rd
11,37.9887,-84.524,40503.0,KY,3473 Nicholasville Rd Ste 862
12,,,40509.0,KY,"1895 Vendor Way Suite 100 Lexington, Ky"
13,38.1377,-85.668,40219.0,KY,4907 Outer Loop
14,37.9874,-84.525,40503.0,KY,3535 Nicholasville Rd
0,30.4593,-91.089,70815.0,LA,9385 Cortana Pl
1,32.4401,-93.716,71105.0,LA,7151 Youree Dr Ste 100
2,32.4434,-93.717,71105.0,LA,1704 E 70th St
3,30.0202,-90.247,70065.0,LA,1401 W Esplanade Ave #808
4,29.9832,-90.167,70001.0,LA,1645 49th St
5,30.4444,-90.142,70433.0,LA,69352 Highway 21
6,30.0036,-90.156,70002.0,LA,3301 Veterans Memorial Blvd # 132
7,29.904,-90.066,70058.0,LA,1629 Westbank Expy
8,30.3177,-89.825,70460.0,LA,61123 Airport Rd
9,32.4977,-92.068,71203.0,LA,4301 Pecanland Mall Dr
10,29.9221,-90.041,70053.0,LA,197 Westbank Expy Ste 1145
11,32.5622,-93.71,71111.0,LA,2930 Meadow Creek Dr
12,30.1982,-93.228,70601.0,LA,630 W Prien Lake Rd Ste A
13,29.9596,-90.183,70123.0,LA,1130 S Clearview Pkwy Ste E
14,30.1746,-92.077,70503.0,LA,5725 Johnston St
15,30.006,-90.154,70002.0,LA,3033 N Causeway Blvd
16,32.4956,-92.06,71203.0,LA,4756 Pecanland Mall Dr
17,30.394,-91.086,70836.0,LA,5915 Bluebonnet Blvd Ste C2
18,31.2722,-92.463,71301.0,LA,2385 S Macarthur Dr # 102
19,,,70503.0,LA,3521 Ambassador Caffery #E Ambassador Row Sc
20,29.9831,-90.283,70087.0,LA,150 Teal St
21,30.4424,-90.144,70433.0,LA,69284 Highway 21
22,29.6177,-90.754,70360.0,LA,1785 Martin Luther King Blvd Ste#500 Houma Crossing
23,,,70726.0,LA,10130 Crossing Way
24,30.3921,-91.09,70836.0,LA,6401 Bluebonnet Blvd #2088
0,43.6345,-70.337,4106.0,ME,322 Maine Mall
1,44.315,-69.803,4330.0,ME,274 Western Ave
2,44.3154,-69.805,4330.0,ME,"5 Senator Way Bldg 3 Ste#4 Augusta, Me"
3,43.6372,-70.344,4106.0,ME,200 Running Hill Rd Ste 8
0,39.022,-77.146,20817.0,MD,7101 Democracy Blvd
1,38.9806,-76.543,21401.0,MD,2341 Forest Dr Ste E
2,,,21014.0,MD,615 Bel Air Rd - Suite T Toll Gate Plaza
3,39.4045,-76.787,21117.0,MD,10300 Mill Run Cir
4,39.0231,-76.909,20705.0,MD,5640 Sunnyside Ave Ste F
5,38.6195,-76.925,20603.0,MD,11110 Mall Cir # Q13
6,39.2166,-76.857,21044.0,MD,10300 Little Patuxent Pkwy Ste 1065
7,38.6195,-76.925,20603.0,MD,11110 Mall Cir
8,39.039,-77.053,20902.0,MD,11160 Veirs Mill Rd Ste 189
9,38.9025,-76.845,20774.0,MD,901 Capital Centre Blvd
10,39.183,-76.819,21046.0,MD,9021 Snowden Square Dr Ste B
11,,,21076.0,MD,"7069 Arundel Mills Blvd Arundel Mills, Md"
12,,,21204.0,MD,825 Dulaney Valley Rd St#4340 Towson Mall
13,38.9965,-77.025,20910.0,MD,8514 Fenton St
14,39.0557,-77.118,20852.0,MD,12218 Rockville Pike
15,38.9669,-76.959,20782.0,MD,3500 E West Hwy Ste 1216
16,38.9425,-76.735,20716.0,MD,3831 Evergreen Pkwy
17,38.9439,-76.736,20716.0,MD,15432 Emerald Way
18,38.9225,-76.847,20706.0,MD,2800 Campus Way N Ste 400
19,39.2917,-76.509,21224.0,MD,7839 Eastpoint Mall # 7804
20,39.6216,-77.773,21740.0,MD,"17301 Valley Mall Rd Steste 0240 Hagerstown, Md"
21,38.6296,-76.911,20601.0,MD,2970 Festival Way
22,38.4022,-75.569,21801.0,MD,2328 N Salisbury Blvd # A07
23,39.2035,-76.614,21061.0,MD,6322 Ritchie Hwy
24,39.345,-77.427,21704.0,MD,550 Buckeystown Pike
25,38.4021,-75.569,21801.0,MD,2300 N Salisbury Blvd G105
26,39.1152,-77.185,20877.0,MD,15770 Shady Grove Rd
27,39.1509,-77.205,20877.0,MD,701 Russell Ave Ste F238
28,39.3814,-77.4,21704.0,MD,5461 Urbana Pike
29,38.9899,-76.548,21401.0,MD,1465 Annapolis Mall
30,39.3128,-76.75,21244.0,MD,6901 Security Blvd Ste 547
31,39.0336,-76.683,21054.0,MD,2382 Brandermill Blvd
32,39.3858,-76.735,21208.0,MD,1800 Reisterstown Rd
33,39.3721,-76.464,21236.0,MD,8157 Honeygo Blvd Ste C
34,39.1549,-76.728,21076.0,MD,7069 Arundel Mills Cir
35,39.1406,-76.603,21061.0,MD,7900 Ritchie Hwy Ste D203
36,39.5242,-76.356,21014.0,MD,650 Baltimore Pike
37,39.3865,-77.409,21703.0,MD,5500 Buckeystown Pike Ste 478
38,39.5258,-76.354,21014.0,MD,600 Baltimore Pike
39,39.5626,-76.971,21157.0,MD,625 Baltimore Blvd # Unit
40,39.1549,-76.728,21076.0,MD,7069 Arundel Mills Blvd
41,39.2917,-76.508,21224.0,MD,7804 Eastpoint Mall
42,39.3114,-76.468,21221.0,MD,784 Eastern Blvd
43,38.9944,-77.024,20910.0,MD,8415 Fenton St
0,42.2981,-71.421,1701.0,MA,575 Worcester Rd
1,42.5306,-71.74,1453.0,MA,100 Commercial Rd Unit 145
2,42.1468,-70.845,2339.0,MA,1775 Washington St
3,42.3875,-71.089,2145.0,MA,593 McGrath Hwy
4,42.3543,-71.612,1752.0,MA,601 Donald Lynch Blvd # S144
5,42.4754,-71.213,1803.0,MA,64 Middlesex Tpke
6,42.1928,-71.183,2062.0,MA,596 Boston Providence Tpke
7,,,1906.0,MA,"444 Broadway (Route 1) Saugus, Ma"
8,42.4627,-71.024,1906.0,MA,1277 Broadway
9,42.0944,-71.049,2301.0,MA,200 Westgate Dr Ste N107
10,42.2383,-71.746,1604.0,MA,69 SW Cutoff # Na
11,41.9446,-71.349,2760.0,MA,105 Emerald Sq
12,42.5577,-70.87,1915.0,MA,7 Newbury St
13,42.0886,-70.842,2341.0,MA,1264 E Washington St
14,42.4815,-70.956,1904.0,MA,444 Broadway
15,42.2016,-71.839,1501.0,MA,385 Southbridge St
16,,,2760.0,MA,EMERALD Square Mall
17,42.2435,-71.029,2169.0,MA,377 Willard St
18,42.4822,-71.22,1803.0,MA,60 South Ave
19,42.1404,-72.501,1119.0,MA,1267 Boston Rd
20,42.5576,-70.979,1923.0,MA,8 Newbury St # 7A
21,42.1711,-72.64,1040.0,MA,21 Holyoke St
22,42.3514,-71.072,2116.0,MA,406 Boylston St
23,42.1398,-72.626,1089.0,MA,1321 Riverdale St
24,42.3581,-71.158,2135.0,MA,270 Parsons St
25,41.867,-71.05,2780.0,MA,2 Galleria Mall Dr
26,42.367,-71.076,2141.0,MA,100 Cambridgeside Pl
27,42.4069,-71.082,2155.0,MA,616 Fellsway
28,42.3547,-71.059,2110.0,MA,32 Summer St
29,42.2739,-71.759,1604.0,MA,424 Belmont St
30,42.2264,-71.031,2184.0,MA,44 Granite St # 5
31,42.5483,-70.95,1960.0,MA,260 Andover St
32,41.6686,-70.295,2601.0,MA,769 Iyannough Rd
33,42.7014,-71.159,1843.0,MA,59 Merrimack St
34,42.5519,-70.938,1923.0,MA,100 Independence Way
35,42.1391,-70.842,2339.0,MA,1264 Washington St
36,41.7589,-71.219,2777.0,MA,262 Swansea Mall Dr Ste 705
37,42.2985,-71.4,1702.0,MA,150 Worcester Rd Ste 5
38,42.5341,-71.742,1453.0,MA,14 Commercial Rd
39,42.2631,-71.121,2136.0,MA,1057 Hyde Park Ave
40,41.6405,-70.991,2747.0,MA,158 N Dartmouth Mall # 1361
41,41.6691,-70.921,2745.0,MA,11 Belleville Rd Joseph Abboud Custom
42,42.5519,-70.938,1923.0,MA,100 Independence Way
43,42.4203,-71.002,2151.0,MA,428 American Legion Hwy
44,42.2571,-71.125,2136.0,MA,32 Summer St
45,41.979,-71.333,2760.0,MA,99 S Washington St
46,42.3105,-71.214,2464.0,MA,215 Needham St
47,42.3549,-71.058,2110.0,MA,101 Arch St Fl 1
48,42.3568,-72.552,1035.0,MA,344 Russell St
49,41.9459,-71.347,2760.0,MA,999 S Washington St Spc W117
50,41.9535,-70.715,2360.0,MA,196 Colony Place Rd
51,42.2947,-71.072,2124.0,MA,481 Washington St
52,42.2027,-71.153,2090.0,MA,215 University Ave
53,42.0897,-71.423,2038.0,MA,145 Franklin Village Dr
54,41.6395,-70.985,2747.0,MA,279 State Rd
55,41.9487,-71.352,2760.0,MA,999 Emerald Sq
0,42.9125,-85.578,49512.0,MI,3575 28th St SE
1,42.6084,-83.299,48302.0,MI,2081 S Telegraph Rd
2,42.9787,-83.772,48507.0,MI,3292 S Linden Rd
3,42.7017,-83.304,48326.0,MI,4526 Baldwin Rd
4,42.1978,-83.257,48180.0,MI,23000 Eureka Rd Ste E20
5,42.8823,-85.755,49418.0,MI,3700 Rivertown Pkwy SW Spc 1028
6,42.9555,-85.632,49506.0,MI,1511 Wealthy St SE
7,43.0187,-83.628,48509.0,MI,4164 E Court St
8,42.741,-84.624,48917.0,MI,5332 W Saginaw Hwy
9,42.4893,-83.475,48377.0,MI,27196 Novi Rd
10,42.9125,-85.575,49512.0,MI,3685 28th St SE
11,42.741,-84.624,48917.0,MI,5274 W Saginaw Hwy
12,44.723,-85.636,49684.0,MI,3200 S Airport Rd W Ste 434
13,43.1501,-86.205,49444.0,MI,5600 Harvey St
14,43.6591,-84.247,48642.0,MI,6800 Eastman Ave Ste 512
15,42.3096,-83.222,48126.0,MI,18900 Michigan Ave Ste H324
16,42.6273,-82.996,48315.0,MI,13277 Hall Rd Ste C100
17,42.2456,-83.757,48103.0,MI,874 W Eisenhower Pkwy
18,42.2413,-83.771,48103.0,MI,2927 Oak Valley Dr
19,42.741,-84.624,48917.0,MI,5340 W Saginaw Hwy
20,43.4763,-83.975,48604.0,MI,4757 Bay Rd
21,42.338,-83.384,48185.0,MI,7040 N Wayne Rd
22,42.1979,-83.25,48180.0,MI,22169 Eureka Rd
23,42.2678,-84.43,49202.0,MI,1228 Jackson Xing # J104
24,,,49015.0,MI,5775 Beckley Road #315 Lakeview Square Mall
25,42.2209,-85.589,49024.0,MI,6650 S Westnedge Ave
26,42.4899,-83.475,48377.0,MI,27736 Novi Rd
27,42.5628,-83.13,48083.0,MI,880 E Big Beaver Rd
28,42.5314,-82.914,48066.0,MI,31890 Gratiot Ave
29,42.7095,-83.307,48359.0,MI,4862 S Baldwin Rd
30,43.4769,-83.97,48604.0,MI,4787 Fashion Square Mall Unit D438
31,42.8823,-85.752,49418.0,MI,3590 Rivertown Pkwy SW
32,42.9824,-83.755,48507.0,MI,4088 Miller Rd
33,43.0354,-82.456,48059.0,MI,4350 24th Ave Ste 108
34,42.5256,-83.36,48334.0,MI,31045 Orchard Lake Rd
35,42.5092,-83.757,48116.0,MI,9980 Village Place Blvd
36,42.4837,-83.474,48375.0,MI,43323 Crescent Blvd
37,42.5244,-83.192,48073.0,MI,31921 Woodward Ave
38,43.6237,-83.892,48706.0,MI,4101 Wilder Rd Ste C337
39,42.2227,-85.589,49002.0,MI,6513 S Westnedge Ave
40,42.4229,-82.91,48236.0,MI,19435 Mack Ave
41,42.4109,-83.415,48152.0,MI,37572 6 Mile Rd
42,42.3053,-83.247,48124.0,MI,22179 Michigan Ave
43,42.5365,-83.106,48083.0,MI,346 John R Rd
44,42.5113,-83.108,48071.0,MI,205 Ajax Dr
45,43.4625,-83.979,48603.0,MI,3262 Cabaret Trl S
46,42.6244,-82.99,48313.0,MI,14000 Lakeside Cir # 2095
47,42.2699,-84.426,49202.0,MI,1004 Boardman Rd
48,43.0187,-83.627,48509.0,MI,4190 E Court St Ste 749
49,42.2676,-84.429,49202.0,MI,1134 Jackson Xing
50,42.7209,-84.421,48864.0,MI,1982 W Grand River Ave
51,42.4874,-83.006,48089.0,MI,26299 Hoover Rd
52,43.4769,-83.97,48604.0,MI,4787 Fashion Square Blvd
53,42.4109,-83.414,48152.0,MI,37544 6 Mile Rd
54,44.7222,-85.639,49686.0,MI,3275 W South Airport Rd
55,42.4924,-83.222,48076.0,MI,27701 Southfield Rd
0,44.8802,-93.332,55435.0,MN,Southdale
1,45.0257,-93.173,55113.0,MN,1728 Terrace Dr
2,44.882,-93.328,55435.0,MN,1435 Southdale Ctr
3,46.8077,-92.169,55811.0,MN,5115 Burning Tree Rd Ste Ste 302
4,44.8553,-93.242,55425.0,MN,364 N Garden
5,44.0014,-92.479,55902.0,MN,1005 Apache Mall
6,44.9759,-93.273,55402.0,MN,800 Nicollet Mall Ste 180
7,45.0086,-93.165,55113.0,MN,1595 Highway 36 W
8,44.7463,-93.29,55306.0,MN,915 County Road 42 W
9,44.0075,-92.447,55904.0,MN,1201 12th St SE
10,45.0132,-93.176,55113.0,MN,118 Rosedale Ctr
11,45.5533,-94.209,56301.0,MN,4101 W Division St
12,44.9415,-92.936,55125.0,MN,8390 Tamarack Vlg # 503505
13,44.8538,-93.43,55344.0,MN,8251 Flying Cloud Dr
14,45.2009,-93.353,55448.0,MN,12778 Riverdale Blvd NW
15,45.013,-93.176,55113.0,MN,10 Rosedale Ctr Spc 445
16,45.0141,-93.177,55113.0,MN,2401 Fairview Ave N Ste 103
17,44.8832,-93.325,55435.0,MN,1960 Southdale Ctr
18,44.7449,-93.284,55306.0,MN,2037 Burnsville Ctr
19,44.9704,-93.437,55305.0,MN,12551 Wayzata Blvd #1110
20,44.0053,-92.485,55902.0,MN,1300 Salem Rd SW
21,45.0956,-93.441,55369.0,MN,7745 Main St N
22,44.972,-93.457,55305.0,MN,14200 Wayzata Blvd Ste M
23,44.9509,-92.937,55128.0,MN,8302 3rd St N
24,44.7486,-93.287,55337.0,MN,14063 Aldrich Ave S
25,45.0315,-93.017,55109.0,MN,3001 White Bear Ave N
26,44.0069,-92.479,55902.0,MN,1200 12th St SW # 1005
27,46.8066,-92.16,55811.0,MN,1600 Miller Trunk Hwy
28,,,55337.0,MN,1463 Aldrich Ave S
29,44.8537,-93.24,55425.0,MN,60 E Broadway # 364
0,30.3895,-88.989,39531.0,MS,2600 Beach Blvd Ste 69
1,34.3109,-88.706,38804.0,MS,3944 N Gloster St # C
2,,,39211.0,MS,"1039 East County Line Rd, #103 County Line Plaza"
3,31.3646,-89.397,39402.0,MS,24 Cross Creek Pkwy # 50
4,34.9566,-89.996,38671.0,MS,6622 Towne Center Xing
5,30.3895,-88.989,39531.0,MS,2600 Beach Blvd
6,32.3994,-90.138,39211.0,MS,1039 E County Line Rd Ste 103
7,31.3646,-89.397,39402.0,MS,24 Cross Creek Pkwy
8,32.3392,-90.061,39232.0,MS,242 Dogwood Blvd
0,38.9586,-92.371,65203.0,MO,303 N Stadium Blvd Ste 107
1,38.7717,-90.279,63033.0,MO,2855 Dunn Rd
2,,,64506.0,MO,5301 North Belt Highway #113 The Shoppes @ N Village
3,39.8141,-94.815,64506.0,MO,5301 N Belt Hwy Ste 113
4,38.6496,-90.563,63017.0,MO,259 Chesterfield MALL
5,38.6338,-90.347,63117.0,MO,2103 Saint Louis Galleria
6,38.7469,-90.421,63044.0,MO,11977 Saint Charles Rock Rd
7,38.7797,-90.624,63376.0,MO,1600 Mid Rivers Mall Dr 2008A
8,38.797,-90.619,63376.0,MO,1600 Mid Rivers Mall # 1508
9,38.6292,-90.337,63144.0,MO,8332 Eager Rd
10,39.048,-94.361,64057.0,MO,18680 E 39th St S
11,37.1098,-94.491,64801.0,MO,NORTH Park Crossing
12,38.5039,-90.331,63129.0,MO,18 S County Center Way
13,38.603,-90.447,63131.0,MO,106 W County Ctr
14,38.5539,-90.408,63127.0,MO,10746 Sunset Hills Plz
15,38.6436,-90.565,63017.0,MO,1668 Clarkson Rd
16,39.2475,-94.661,64153.0,MO,8431 NW Prairie View Rd
17,38.9262,-94.407,64081.0,MO,1704 NW Chipman Rd
18,38.8082,-90.298,63033.0,MO,14055 New Halls Ferry Rd
19,37.3014,-89.582,63701.0,MO,155 Siemers Dr Ste 2
20,39.0473,-94.358,64057.0,MO,2035 Independence Center Dr
21,38.5048,-90.334,63129.0,MO,319 S County Center Way
22,,,63136.0,MO,2855 Dunn Rd
23,37.2089,-93.292,65804.0,MO,KMART Plaza
24,37.3014,-89.582,63701.0,MO,155 Siemers Dr # 2
25,39.0479,-94.356,64057.0,MO,18813 E 39th St S
26,38.797,-90.619,63376.0,MO,1508 Mid Rivers Mall
27,37.1593,-93.263,65804.0,MO,1724 E Battlefield St # 6
28,37.0876,-94.476,64801.0,MO,323 S Range Line Rd 400
29,38.5038,-90.331,63129.0,MO,30 S County Center Way
30,38.6028,-90.448,63131.0,MO,44 W County Ctr
31,37.1628,-93.261,65804.0,MO,2825 S Glenstone Ave Ste 372
0,45.755,-108.57,59102.0,MT,2350 King Ave W Ste100
1,46.8372,-114.03,59801.0,MT,3670 Brooks St
0,41.2283,-96.132,68144.0,NE,3209 Oak View Dr
1,41.2596,-96.034,68114.0,NE,7767 Dodge St
2,41.2676,-96.064,68114.0,NE,835 N 98th St
3,40.8134,-96.649,68510.0,NE,5141 O St
4,41.2311,-96.138,68144.0,NE,3001 S 144th St # 1057
5,40.9386,-98.381,68803.0,NE,3412 State St
0,36.1591,-115.29,89117.0,NV,8950 W Charleston Blvd
1,39.4797,-119.78,89502.0,NV,5000 Smithridge Dr # B12
2,36.1221,-115.13,89169.0,NV,1159 E Twain Ave # 104-107
3,36.1979,-115.24,89108.0,NV,2110 N Rainbow Blvd
4,36.0588,-115.04,89014.0,NV,509 N Stephanie St Ste B
5,36.0632,-115.25,89113.0,NV,7295 Arroyo Crossing Pkwy
6,36.1589,-115.28,89117.0,NV,8689 W Charleston Blvd
7,39.4733,-119.77,89502.0,NV,5487 Meadowood Mall Cir # C32
0,42.9537,-71.436,3103.0,NH,1500 S Willow St # W101
1,42.7681,-71.232,3079.0,NH,101 Pleasant St
2,42.764,-71.23,3079.0,NH,99 Rockingham Park Blvd # 135
3,43.0999,-70.807,3801.0,NH,50 Fox Run Rd
4,43.2186,-71.483,3301.0,NH,62 Damante Dr
5,42.7069,-71.441,3060.0,NH,274 Daniel Webster Hwy
6,42.7639,-71.461,3064.0,NH,109 Nashua Dr
7,42.708,-71.441,3060.0,NH,254 Daniel Webster Hwy
8,43.2198,-71.485,3301.0,NH,60 Damante Dr
0,39.98,-74.182,8753.0,NJ,1201 Hooper Ave #1042
1,,,7728.0,NJ,3710 Route 9 South Spaces D213 Freehold Raceway Mall
2,40.5801,-74.623,8807.0,NJ,313 US Highway 202/206
3,39.9388,-75.025,8002.0,NJ,2000 Route 38 Ste 1590
4,40.5507,-74.335,8837.0,NJ,92 Parsonage Rd
5,40.2956,-74.681,8648.0,NJ,3375 US Highway 1 Ste 1
6,,,7724.0,NJ,45 Rt 36 Eatontown Center
7,40.9731,-74.09,7652.0,NJ,700 Paramus Park # 2020
8,39.9466,-74.962,8057.0,NJ,400 W Route 38 Unit 1275
9,40.294,-74.683,8648.0,NJ,3320 US Highway 1
10,40.8256,-73.974,7020.0,NJ,905 River Rd
11,40.2468,-74.283,7728.0,NJ,3710 US Highway 9 # D
12,40.2878,-74.051,7724.0,NJ,180 State Route 35 # 3116
13,40.5888,-74.619,8807.0,NJ,400 Commons Way Ste 155
14,40.8999,-74.546,7801.0,NJ,301 Mount Hope Ave
15,40.8256,-73.972,7020.0,NJ,18 Edgewater Towne Ctr
16,40.9101,-74.07,7652.0,NJ,165 N State Rt 17
17,40.6847,-75.15,8865.0,NJ,1200 US Highway 22 Ste 219
18,40.8943,-74.231,7512.0,NJ,360 US Highway 46
19,40.8738,-74.647,7852.0,NJ,401 State Route 10
20,39.9397,-74.967,8052.0,NJ,490 S Lenola Rd
21,,,7083.0,NJ,2491 US Highway 22 W
22,40.2901,-74.056,7724.0,NJ,180 Wyckoff Rd
23,39.9898,-74.176,8753.0,NJ,1379 Hooper Ave
24,40.9147,-74.079,7652.0,NJ,1 Garden State Plz
25,40.2912,-74.048,7724.0,NJ,45 State Route 36
26,40.5528,-74.442,8854.0,NJ,1297 Centennial Ave
27,39.4513,-74.636,8330.0,NJ,2210 Wrangleboro Rd
28,40.7945,-74.287,7039.0,NJ,466 W Mount Pleasant Ave
29,39.4495,-74.638,8330.0,NJ,4403 Black Horse Pike Ste 1075
30,40.4257,-74.38,8816.0,NJ,755 State Route 18 Ste 312
31,39.8241,-75.099,8096.0,NJ,1559 Almonesson Rd
32,40.7806,-74.077,7094.0,NJ,1111 Secaucus Rd Ste 2
33,40.5535,-74.298,7095.0,NJ,250 Woodbridge Center Dr # 424
34,39.8982,-74.953,8002.0,NJ,"2026 Route 70 W Ste 4 Cherry Hill, Nj"
35,40.5509,-74.335,8837.0,NJ,100 Parsonage Rd
36,40.5843,-74.436,7080.0,NJ,1624 Chestnut St
37,40.0593,-74.139,8723.0,NJ,56 Chambersbridge Rd
38,40.9555,-74.069,7652.0,NJ,341 Paramus Park Mall
39,40.5536,-74.267,7095.0,NJ,250 Woodbridge Ctr
40,40.0227,-74.144,8723.0,NJ,76 Brick Plz
41,40.875,-74.649,7852.0,NJ,461 State Route 10
42,40.9044,-74.546,7866.0,NJ,301 Mount Hope Ave Ste 1055A
43,40.9597,-74.069,7652.0,NJ,2020 Paramus Park Mall
0,35.6413,-106.01,87507.0,NM,3513 Zafarano Dr Ste A12
1,35.2044,-106.64,87114.0,NM,10260 Coors Byp NW
2,35.1091,-106.57,87110.0,NM,6307 Menaul Blvd NE
3,32.3126,-106.75,88001.0,NM,2240 E Lohman Ave
0,42.916,-78.757,14225.0,NY,145 Galleria Dr
1,43.0294,-77.449,14564.0,NY,306 Eastview Mall
2,43.0875,-77.627,14467.0,NY,600 Jefferson Road Ste 2
3,41.4556,-74.382,10940.0,NY,470 Route 211 E Ste 7
4,41.3257,-73.805,10598.0,NY,650 Lee Blvd Ste J03A
5,42.9899,-78.822,14150.0,NY,1330 Niagara Falls Blvd
6,,,11803.0,NY,"413/415 South Oyster Bay Road Plainview, Ny"
7,40.7536,-73.987,10018.0,NY,1410 Broadway
8,41.0425,-73.795,10607.0,NY,360 Tarrytown Rd
9,40.806,-73.734,11024.0,NY,8 Hicks Ln
10,42.7849,-78.811,14219.0,NY,3670 McKinley Pkwy
11,42.0843,-76.057,13850.0,NY,218 Front St
12,43.0871,-77.626,14623.0,NY,600 Jefferson Rd Ste 2
13,43.0547,-76.076,13214.0,NY,3140 Erie Blvd E
14,40.6782,-73.444,11758.0,NY,5423 Sunrise Hwy
15,40.701,-73.715,11581.0,NY,18 West Cir
16,42.7734,-73.893,12304.0,NY,441 Balltown Rd Ste 1
17,40.7411,-73.994,10010.0,NY,655 Avenue Of The Americas
18,40.7791,-73.775,11360.0,NY,2420 Bell Blvd
19,42.0958,-76.0,13850.0,NY,3150 Vestal Pkwy E
20,42.8646,-73.782,12065.0,NY,24 Park Ave
21,40.8702,-73.128,11755.0,NY,2073 Nesconset Hwy
22,40.628,-73.641,11572.0,NY,3400 Long Beach Rd
23,40.7364,-73.245,11706.0,NY,1701 Sunrise Hwy Unit D8
24,43.0444,-76.068,13214.0,NY,3470 Erie Blvd E
25,42.9895,-78.822,14226.0,NY,1267 Niagara Falls Blvd # 701
26,41.627,-73.917,12601.0,NY,2001 South Rd Ste 201
27,40.7209,-73.846,11375.0,NY,7000 Austin St
28,42.7098,-73.82,12205.0,NY,18 Wolf Rd
29,40.7483,-73.984,10118.0,NY,350 5th Ave
30,40.6314,-73.946,11210.0,NY,1608 Flatbush Ave
31,41.6278,-73.916,12601.0,NY,2020 South Rd
32,40.6843,-73.977,11217.0,NY,139 Flatbush Ave
33,42.9088,-78.761,14225.0,NY,1 Walden Galleria Ste 206
34,,,14845.0,NY,3345 Chambers Road South #6 Chambers Plaza
35,43.0879,-75.312,13413.0,NY,4642 Commercial Dr
36,40.7758,-73.037,11772.0,NY,499 N Service Rd Ste No 54
37,40.741,-73.994,10011.0,NY,650 Avenue Of The Americas
38,40.8639,-73.132,11755.0,NY,570 Smith Haven Mall
39,,,11746.0,NY,301 Walt Whitman Rd Ste 5 Huntington Station S C
40,40.753,-73.972,10017.0,NY,730 3rd Ave
41,40.7085,-74.011,10006.0,NY,115 Broadway
42,40.8691,-73.83,10475.0,NY,2021 Bartow Ave
43,40.7466,-73.595,11590.0,NY,1504 Old Country Rd Ste D04
44,40.7555,-73.977,10017.0,NY,380 Madison Ave # 5
45,43.2093,-77.692,14626.0,NY,2410 W Ridge Rd
46,42.1606,-76.854,14845.0,NY,1621 County Route 64
47,41.0989,-74.015,10954.0,NY,156 Rockland Plz
48,40.6782,-73.441,11762.0,NY,5294 Sunrise Hwy
49,40.9976,-73.816,10583.0,NY,731 Central Park Ave
50,40.7428,-73.617,11514.0,NY,141 Old Country Rd
51,42.9088,-78.771,14225.0,NY,1779 Walden Ave
52,40.7431,-73.615,11530.0,NY,630 Old Country Rd Unit 1148A
53,40.5863,-74.168,10314.0,NY,2505 Richmond Ave
54,40.582,-74.168,10314.0,NY,2655 Richmond Ave # 1385
55,43.0208,-77.439,14564.0,NY,10 Commerce Dr
56,43.1481,-76.121,13039.0,NY,5663 E Circle Dr Ste 1200
57,41.462,-74.375,10941.0,NY,541 Route 211 E
58,40.7687,-73.961,10021.0,NY,1219 3rd Ave
59,40.8644,-73.128,11755.0,NY,313 Smith Haven Mall
60,43.0204,-77.439,14564.0,NY,6 Commerce Dr
61,40.7548,-73.977,10017.0,NY,360 Madison Ave
62,40.8661,-73.127,11755.0,NY,2073 Smith Haven Plz
63,43.1481,-76.121,13039.0,NY,5663 E Circle Dr # 1200
64,40.8166,-73.41,11746.0,NY,301 Walt Whitman Rd Ste 5
65,42.0981,-79.307,14750.0,NY,279 E Fairmount Ave
66,40.7604,-73.981,10020.0,NY,135 W 50th St
67,40.7462,-73.981,10016.0,NY,1 Park Ave
68,42.9891,-78.817,14226.0,NY,730 Alberta Dr
69,43.0878,-75.313,13413.0,NY,4640 Commercial Dr
70,40.7815,-73.502,11803.0,NY,413 S Oyster Bay Rd
71,41.9651,-73.989,12401.0,NY,1200 Ulster Ave Ste 200
72,43.046,-76.069,13214.0,NY,3444 Erie Blvd E
73,40.6932,-73.395,11726.0,NY,1700 Sunrise Hwy
74,42.7979,-78.83,14219.0,NY,3670 Ns McKinley Pkwy # 3
0,35.5835,-82.525,28805.0,NC,2A Haw Creek Ln
1,35.063,-80.769,28277.0,NC,10832 Providence Rd Ste 200
2,36.0996,-80.241,27103.0,NC,115B Hanes Square Circle Hanes Square
3,36.0732,-80.298,27103.0,NC,3320 Silas Creek Pkwy #144
4,35.082,-80.879,28134.0,NC,11025 Carolina Place Pkwy # A15
5,34.2135,-77.898,28403.0,NC,3920 Oleander Dr
6,35.7795,-78.638,27617.0,NC,8531-101 Brier Creek Parkway Brier Creek Common: S
7,36.0677,-80.299,27103.0,NC,100 Hanes Mall Cir
8,35.5756,-77.39,27834.0,NC,1600 Hooker Rd
9,36.0225,-78.897,27705.0,NC,NORTHGATE Mall
10,35.7603,-78.736,27518.0,NC,214 Crossroads Blvd
11,36.0386,-79.835,27407.0,NC,103 Four Seasons Town Ctr
12,36.0671,-80.318,27103.0,NC,115B Hanes Square Cir
13,35.8634,-78.574,27616.0,NC,3791 Sumner Blvd # 170
14,35.7715,-78.763,27511.0,NC,1105 Walnut St
15,35.2651,-81.151,28054.0,NC,250 N New Hope Rd
16,35.1512,-80.828,28211.0,NC,4400 Sharon Rd
17,35.5738,-77.382,27834.0,NC,3150 Evans St
18,35.8387,-78.675,27612.0,NC,4325 Glenwood Ave # 239
19,34.2433,-77.829,28405.0,NC,859 Inspiration Dr
20,35.0797,-80.878,28134.0,NC,11215 Carolina Place Pkwy
21,36.0686,-79.509,27215.0,NC,3174 Walden Ln
22,35.9034,-78.938,27713.0,NC,6910 Fayetteville Rd Ste 196
23,35.9542,-78.994,27707.0,NC,5406 New Hope Commons Dr
24,35.1475,-80.831,28210.0,NC,4718 Sharon Rd
25,35.3488,-80.855,28216.0,NC,9310 Center Lake Dr
26,35.1278,-80.7,28105.0,NC,2325 Matthews Township Pkwy
27,35.8666,-78.571,27616.0,NC,5959 Triangle Town Blvd
28,36.1102,-79.83,27408.0,NC,2806 Battleground Ave
29,35.3498,-80.85,28216.0,NC,6801 Northlake Mall Dr Ste 294
30,36.0718,-80.295,27103.0,NC,3282 Silas Creek Pkwy
31,35.4381,-80.605,28025.0,NC,1480 Concord Pkwy N Ste 240
32,35.7795,-78.638,27604.0,NC,4229 Louisburg Rd #131 Capital Common: S
33,35.9035,-78.938,27713.0,NC,6901 Fayetteville Rd Ste 104
34,35.3714,-80.718,28027.0,NC,8111 Concord Mills Blvd Ste 218
35,35.9052,-78.786,27617.0,NC,8531 Brier Creek Pkwy
36,35.119,-80.918,28273.0,NC,10625 Texland Blvd
37,35.8634,-78.574,27616.0,NC,3791 Sumner Blvd Ste 170
38,,,28303.0,NC,419 Cross Creek Mall Ste 100
39,35.9571,-78.945,27707.0,NC,3635 Glidewell Ct
40,36.0169,-78.909,27701.0,NC,1058 W Club Blvd Ste 412
41,35.7055,-81.302,28602.0,NC,1960 US Highway 70 SE Spc 2122
42,35.8409,-78.578,27604.0,NC,4229 Louisburg Rd Ste 131
43,36.0387,-79.837,27407.0,NC,410 Four Seasons Town Ctr
44,36.0593,-79.903,27407.0,NC,5402 Hornaday Rd Ste 101
45,35.2937,-80.741,28213.0,NC,850 Chancellor Park Dr
46,36.0388,-79.837,27407.0,NC,400 Four Seasons Town Ctr
0,46.8616,-96.854,58103.0,ND,4302 13th Ave S
1,46.8333,-100.8,58503.0,ND,1221 W Century Ave
0,,,43950.0,OH,67800 Ohio Valley Mall Rd
1,39.2904,-84.466,45246.0,OH,11700 Princeton Pike Unit F11
2,39.9199,-82.881,43232.0,OH,2740 Eastland Mall Ste B
3,41.5471,-83.706,43537.0,OH,3100 Main St suite 715 & 720
4,41.4164,-82.672,44870.0,OH,4314 Milan Rd Ste 125
5,40.0491,-82.917,43219.0,OH,3922 Townsfair Way
6,39.3907,-84.504,45011.0,OH,3318 Princeton Rd
7,39.9951,-83.025,43212.0,OH,1763 Olentangy River Rd
8,41.0241,-80.662,44512.0,OH,7310 Market St
9,40.7605,-84.144,45805.0,OH,2139 Elida Rd
10,39.2141,-84.378,45236.0,OH,SYCAMORE Plaza At Kenwood
11,40.1434,-82.989,43240.0,OH,1142 Polaris Pkwy
12,40.8608,-81.432,44720.0,OH,5524 Dressler Rd NW
13,41.3129,-81.82,44136.0,OH,17230 Royalton Rd
14,41.3131,-81.825,44136.0,OH,17986 Royalton Rd
15,41.6987,-83.643,43623.0,OH,5029 Monroe St
16,40.8778,-81.432,44720.0,OH,6674 Strip Ave NW
17,40.0765,-83.129,43016.0,OH,5043 Tuttle Crossing Blvd Ste 193
18,41.6597,-81.365,44060.0,OH,7699 Mentor Ave
19,39.2528,-84.599,45251.0,OH,3645 Stonecreek Blvd # A
20,39.6374,-84.222,45459.0,OH,2860 Miamisburg Centerville Rd
21,39.7677,-84.053,45431.0,OH,2727 Fairfield Commons Blvd
22,41.52,-81.451,44124.0,OH,6330 Mayfield Rd
23,39.9207,-83.119,43228.0,OH,1621 Georgesville Square Dr
24,41.4592,-82.018,44011.0,OH,35942 Detroit Rd
25,39.9199,-82.881,43232.0,OH,2729 Eastland Mall
26,40.0579,-82.916,43219.0,OH,3862 Morse Rd
27,41.698,-83.641,43623.0,OH,5001 Monroe St Ste 1866
28,39.77,-84.052,45431.0,OH,2750 N Fairfield Rd
29,40.7743,-82.59,44906.0,OH,815 N Lexington Springmill Rd
30,41.4189,-81.9,44070.0,OH,25102 Brookpark Rd Ste 194
31,41.4189,-81.9,44070.0,OH,25120 Brookpark Rd
32,40.0693,-80.863,43950.0,OH,67800 Mall Rd
33,40.0692,-80.865,43950.0,OH,67800 Mall Ring Rd
34,39.2528,-84.599,45251.0,OH,3645 Stonecreek Blvd Unit A
35,41.1358,-81.635,44333.0,OH,3757A W Market St
36,39.1031,-84.273,45245.0,OH,4611 Eastgate Blvd Ste A
37,41.2164,-80.74,44484.0,OH,1920 Niles Cortland Rd SE # 30
38,40.1415,-82.978,43240.0,OH,1500 Polaris Pkwy Ste 2000
39,41.4189,-81.902,44135.0,OH,25120 Brookpark Rd
40,41.1146,-81.471,44310.0,OH,1906 Buchholzer Blvd # 08
41,,,43016.0,OH,5043 Tuttle Crossing Blvd #211 Mall @ Tuttle Crossing
42,39.9186,-83.136,43228.0,OH,1621 Georgesville Rd
43,39.1989,-84.38,45236.0,OH,7800 Montgomery Rd Unit 6
44,39.3087,-84.466,45246.0,OH,4762 Interstate Dr
45,,,45209.0,OH,"3645 Stone Creek Dr Ste A Cincinnati, Oh"
46,40.7618,-84.147,45805.0,OH,2300 Elida Rd Ste 3
47,40.1432,-82.989,43240.0,OH,1148 Polaris Pkwy
48,41.6963,-83.644,43623.0,OH,4325 Talmadge Rd
49,41.1358,-81.634,44333.0,OH,3737 W Market St
50,39.3059,-84.433,45069.0,OH,9906 Windisch Rd
51,40.0498,-82.915,43219.0,OH,160 Easton Town Ctr
0,36.0655,-95.886,74133.0,OK,6837 S Memorial Dr Ste A
1,35.3159,-97.489,73160.0,OK,2550 S Service Rd
2,35.6085,-97.558,73134.0,OK,2530 W Memorial Rd
3,36.2904,-95.841,74055.0,OK,9045 N 121st East Ave Ste 700
4,35.4395,-97.486,73129.0,OK,2550 S I 35 Service Rd
5,36.0608,-95.882,74133.0,OK,8518 E 71st St Ste D
6,35.5226,-97.544,73118.0,OK,1901 NW Expressway Ste 10661074
7,,,73118.0,OK,1901 NW Expsy #1066-1074 Penn Square Mall
8,35.6333,-97.488,73013.0,OK,2325 S Fretz Ave
0,45.0082,-122.99,97303.0,OR,6065 Keizer Station Blvd NE
1,44.9429,-123.03,97301.0,OR,480 Center St NE
2,45.5052,-122.43,97030.0,OR,1064 NW Norman Ave
3,45.1541,-122.87,97071.0,OR,1001 N Arney Rd Ste 820
4,45.4331,-122.57,97015.0,OR,8876 SE Sunnyside Rd
5,45.5367,-122.87,97124.0,OR,2120 NW Allie Ave # 605
6,45.5289,-122.65,97232.0,OR,994 Lloyd Ctr
7,45.518,-122.67,97204.0,OR,851 SW 6th Ave
8,45.5395,-122.86,97124.0,OR,18565 NW Tanasbourne Dr
9,45.3973,-122.74,97224.0,OR,16940 SW 72nd Ave
10,45.0111,-122.99,97303.0,OR,6385 Ulali Dr NE
11,44.1028,-121.29,97701.0,OR,63455 N Highway 97 Ste 65
12,45.5336,-122.65,97232.0,OR,2201 Lloyd Ctr
13,45.489,-122.79,97005.0,OR,11915 SW Canyon Rd Ste A
0,41.2992,-75.759,18640.0,PA,185 Centerpoint Blvd
1,40.6332,-75.486,18052.0,PA,1901 Whitehall Mall
2,39.9513,-75.167,19103.0,PA,1624 Chestnut St
3,39.9488,-75.16,19107.0,PA,1201 Walnut St
4,40.433,-79.761,15146.0,PA,MONROEVILLE Blvd
5,,,15601.0,PA,"5256 Route 30, Space #212 Westmoreland Mall"
6,40.4877,-78.385,16602.0,PA,196 Falon Ln
7,40.179,-74.88,19047.0,PA,2300 E Lincoln Hwy
8,40.1025,-75.291,19462.0,PA,2500 Chemical Rd Spc S12a
9,40.4307,-79.793,15146.0,PA,125 Monroeville Mall
10,40.2243,-76.932,17011.0,PA,3514 Capital City Mall Dr
11,40.2403,-75.242,19454.0,PA,804 Bethlehem Pike
12,40.1405,-75.117,19090.0,PA,1929 Easton Rd
13,,,15237.0,PA,ROSS Park Mall
14,,,16565.0,PA,"654 Millcreek Mall, Unit 400 Millcreek Mall"
15,39.9617,-75.258,19082.0,PA,6846 Market St
16,40.3083,-76.796,17112.0,PA,5125 Jonestown Rd 135
17,39.9878,-76.671,17402.0,PA,2917 Whiteford Rd
18,40.0801,-75.028,19114.0,PA,9475 Roosevelt Blvd
19,40.4605,-75.368,18951.0,PA,652 N West End Blvd
20,40.5375,-80.011,15237.0,PA,7300 McKnight Rd
21,41.2413,-75.843,18702.0,PA,415 Arena Hub Plz
22,40.6282,-75.481,18052.0,PA,100 Lehigh Valley Mall # 1073
23,40.6441,-75.492,18052.0,PA,2556 Macarthur Rd Ste 10
24,40.3422,-80.053,15241.0,PA,342 S Hills Vlg
25,40.4085,-79.912,15120.0,PA,324 Amity St
26,40.0654,-76.34,17601.0,PA,138 Park City Ctr
27,41.4642,-75.639,18519.0,PA,1106 Commerce Blvd
28,40.095,-75.361,19406.0,PA,139 E Dekalb Pike
29,40.081,-76.339,17601.0,PA,1601 Manheim Pike
30,40.2365,-75.24,19454.0,PA,9 Airport Sq
31,40.4863,-78.387,16602.0,PA,1606 Osgood Dr
32,39.9145,-75.342,19064.0,PA,1001 Baltimore Pike
33,40.4476,-80.18,15275.0,PA,217 Summit Park Dr
34,40.1148,-75.285,19462.0,PA,500 W Germantown Pike Ste 2360
35,40.3032,-79.51,15601.0,PA,5256 State Route 30 Ste 212
36,40.4546,-80.161,15205.0,PA,6521 Robinson Center Dr
37,40.0452,-75.055,19149.0,PA,2600 Cottman Ave
38,40.2366,-75.247,19454.0,PA,230 Montgomery Mall Ste 1065
39,40.4373,-79.778,15146.0,PA,3911 William Penn Hwy
40,40.0319,-75.627,19341.0,PA,152 Exton Square Mall # 1180
41,40.4354,-79.788,15146.0,PA,3747 William Penn Hwy Ste 1110
42,40.1434,-75.12,19090.0,PA,2500 W Moreland Rd Ste 3077
43,,,18640.0,PA,PO Box 416
44,40.1372,-74.957,19020.0,PA,3900 Rock Hill Dr
45,40.4329,-79.789,15146.0,PA,200 Mall Blvd
46,40.3577,-75.984,19610.0,PA,2733 Papermill Rd Ste X1
47,40.0813,-75.356,19406.0,PA,489 Shoemaker Rd Ste 108
48,40.3662,-75.994,19608.0,PA,"2733 Paper Mill Rd Unit X-1 Reading, Pa"
49,42.0693,-80.095,16565.0,PA,654 Millcreek Mall Unit 400
50,40.0292,-75.626,19341.0,PA,260 Exton Square Mall
51,40.3125,-76.8,17112.0,PA,5125 Jonestown Rd Ste 135
52,40.5462,-80.005,15237.0,PA,1000 Ross Park Mall Dr
53,40.1368,-74.956,19020.0,PA,605 Neshaminy Mall
54,40.3021,-79.522,15601.0,PA,970 E Pittsburgh St # 212
55,40.6861,-80.089,16066.0,PA,2040 Mackenzie Way
56,40.8094,-77.901,16803.0,PA,201 Patriot Ln
57,40.0331,-75.63,19341.0,PA,147 E Swedesford Rd
58,40.6283,-75.479,18052.0,PA,184 Lehigh Valley Mall
59,40.2661,-75.653,19464.0,PA,245 Upland Sq Dr
60,40.0302,-76.279,17602.0,PA,138 Garden City Dr
61,40.1795,-74.876,19047.0,PA,2424 E Lincoln Hwy
62,40.0399,-76.295,17602.0,PA,38 N Ann St
63,,,19047.0,PA,2424 East Lincoln Hwy E-13 Lincoln Plaza
64,40.1346,-75.105,19001.0,PA,2500 Moreland Rd
65,,,19341.0,PA,147 E Swedesford Rd 149
66,39.983,-76.666,17402.0,PA,2805 Concord Rd Spc A1a
0,41.719,-71.485,2886.0,RI,685 Bald Hill Rd
1,41.8628,-71.354,2861.0,RI,145 Newport Ave
2,41.7883,-71.394,2905.0,RI,99 Washington Ave
3,41.7847,-71.436,2910.0,RI,508 Reservoir Ave
4,41.8277,-71.417,2903.0,RI,137 Providence Pl
5,41.7151,-71.487,2886.0,RI,822 Bald Hill Rd Ste B
6,41.7146,-71.488,2886.0,RI,850 Bald Hill Rd
0,34.1932,-79.836,29501.0,SC,2887 David H McLeod Blvd Unit C
1,34.0642,-80.957,29223.0,SC,7201 Two Notch Rd Ste 120
2,34.0007,-81.034,29212.0,SC,HARBISON Shopping Center
3,34.132,-80.877,29229.0,SC,231 Forum Dr
4,34.1953,-79.77,29501.0,SC,320 W Cheves St
5,32.7988,-80.022,29407.0,SC,1890 Sam Rittenberg Blvd Ste 200
6,32.7921,-80.031,29407.0,SC,2070 Sam Rittenberg Blvd # 700
7,34.0766,-81.154,29212.0,SC,120 Columbiana Cir
8,33.7005,-78.922,29577.0,SC,2000 Coastal Grand Cir Ste 235
9,33.9989,-81.015,29205.0,SC,701 Harden St
10,33.705,-78.92,29577.0,SC,1311 Oak Forest Ln
11,34.9417,-80.979,29730.0,SC,526 John Ross Pkwy Ste 107
12,32.8309,-79.828,29464.0,SC,1700 Towne Centre Way
13,,,29607.0,SC,700 Haywood Rd #133 Haywood Mall
14,34.8512,-82.336,29607.0,SC,765 Haywood Rd
15,34.0718,-81.16,29212.0,SC,275 Harbison Blvd Ste EE
16,34.5512,-82.677,29621.0,SC,3517B Clemson Blvd
17,34.9389,-81.991,29301.0,SC,210 W Blackstock Rd
18,34.1927,-79.837,29501.0,SC,2837 David H McLeod Blvd
19,34.8497,-82.337,29607.0,SC,700 Haywood Rd Ste 133
20,34.0741,-81.156,29212.0,SC,120 Columbiana Dr
21,34.94,-81.991,29301.0,SC,205 W Blackstock Rd Ste 120
22,32.9439,-80.041,29406.0,SC,2150 Northwoods Blvd Unit G508
0,43.5148,-96.774,57106.0,SD,4001 W 41st St
1,44.0978,-103.18,57701.0,SD,1612 Eglin St Ste 700
2,43.5129,-96.777,57106.0,SD,740 W Empire Mall
3,43.5148,-96.773,57106.0,SD,3801 W 41st St
0,,,37421.0,TN,2100 Hamilton Blvd #210 Hamilton Place Mall
1,36.1063,-86.818,37215.0,TN,2126 Abbott Martin Rd Ste 101
2,35.1102,-89.893,38117.0,TN,780 Truse Pkwy
3,35.2012,-89.792,38133.0,TN,2760 N Germantown Pkwy
4,35.0206,-89.719,38017.0,TN,4630 Merchants Park Cir #739
5,35.1312,-85.237,37415.0,TN,271 Northgate Mall # K060
6,35.1989,-89.793,38133.0,TN,8095 Giacosa Pl
7,35.0617,-89.746,38138.0,TN,5835 US Highway 72
8,36.588,-87.293,37040.0,TN,2801 Wilma Rudolph Blvd
9,35.0246,-89.721,38017.0,TN,10210 Collierville Rd Ste 101
10,35.6696,-88.857,38305.0,TN,1012 Vann Dr
11,35.9281,-84.037,37919.0,TN,7600 Kingston Pike Spc 1184
12,36.3488,-82.399,37604.0,TN,3135 Peoples St Ste 200
13,36.1058,-86.813,37215.0,TN,3908 Hillsboro Pike
14,36.3375,-82.373,37601.0,TN,1914 N Roan St Ste 102
15,35.9264,-84.043,37919.0,TN,7818 Kingston Pike Spc 2
16,35.9577,-86.811,37067.0,TN,1800 Galleria Blvd Ste 2610
17,35.8999,-84.159,37934.0,TN,11353 Parkside Dr 404
18,35.8602,-86.442,37129.0,TN,2615 Medical Center Pkwy Ste 1720
19,36.2998,-86.696,37115.0,TN,1921 Gallatin Pike N # 1
20,35.8467,-86.426,37129.0,TN,1970 Old Fort Pkwy
21,35.0313,-85.154,37421.0,TN,2021 Gunbarrel Rd
22,35.7159,-88.859,38305.0,TN,1109 Old Humboldt Rd Ste 2
23,36.588,-87.293,37040.0,TN,2804 Wilma Rudolph Blvd
24,36.207,-86.748,37207.0,TN,3115 Ambrose Ave
25,35.8382,-86.392,37130.0,TN,745 S Church St
26,35.6687,-88.858,38305.0,TN,1032 Vann Dr Ste H
27,35.8989,-84.166,37934.0,TN,11477 Parkside Dr Spc 203
28,35.1164,-89.907,38117.0,TN,4637 Poplar Ave
29,36.1675,-86.514,37122.0,TN,401 S Mount Juliet Rd Ste 325
30,35.6723,-88.833,38305.0,TN,101 Vann Dr
31,36.1442,-86.813,37203.0,TN,2926 W End Ave
0,32.9134,-96.959,75063.0,TX,901 Macarthur Park Ste 190
1,33.0292,-96.828,75093.0,TX,2100 Dallas Pkwy Ste 130
2,29.7251,-95.746,77450.0,TX,3306 S Fry Rd Apt 1130
3,29.6513,-95.564,77031.0,TX,11631 Roark Rd
4,29.6269,-95.227,77034.0,TX,19222 Gulf Fwy
5,,,78613.0,TX,"11200 Lakeline Mall Drive,F-13 Lakeline Mall, Austin Tx"
6,32.7295,-96.891,75211.0,TX,1444 N Cockrell Hill Rd
7,,,76308.0,TX,"3201 Lawrence Rd, Suite#525 Wichita Falls, Tx"
8,29.7079,-95.56,77072.0,TX,6380 Rogerdale Rd
9,29.72,-95.483,77081.0,TX,5803 Glenmont Dr
10,33.1297,-96.654,75002.0,TX,190 E Stacy Rd Ste 4000
11,30.3259,-97.705,78752.0,TX,6406 N Interstate 35
12,29.6068,-98.461,78232.0,TX,1903 N Loop 1604 E Bldg 1
13,29.738,-95.474,77056.0,TX,5602 Westheimer Rd
14,29.653,-95.563,77031.0,TX,10485 W Bellfort St
15,29.7209,-95.484,77081.0,TX,5630 Renwick Dr
16,32.3007,-95.302,75702.0,TX,4601 S Broadway Ave J02
17,32.039,-102.11,79705.0,TX,4610 N Garfield St Ste D1
18,31.0917,-97.384,76504.0,TX,3550 S General Bruce Dr # D120
19,29.9636,-95.543,77070.0,TX,7696 Cypress Creek Pkwy
20,29.722,-95.444,77005.0,TX,5556 Fairmont St Psn
21,29.8612,-95.569,77041.0,TX,6405 Brittmoore Rd
22,32.2966,-95.277,75703.0,TX,4906 Hightech Dr
23,29.8115,-95.164,77049.0,TX,6191 E Sam Houston Pkwy N
24,29.7366,-95.571,77042.0,TX,11081 Westheimer Rd Ste A
25,32.8108,-96.619,75150.0,TX,1515 N Town East Blvd Ste 188
26,31.4977,-97.161,76711.0,TX,2400 W Loop 340 Ste 3
27,30.481,-97.685,78681.0,TX,2711 La Frontera Blvd Ste 100
28,32.9542,-96.614,75040.0,TX,320 Horseshoe Dr
29,32.679,-97.109,76018.0,TX,241 E Interstate 20
30,30.2316,-97.818,78745.0,TX,5207 Brodie Ln Ste 135
31,,,78748.0,TX,9600 S I H 35 Ste S300 Southpark Meadows
32,33.1913,-97.099,76205.0,TX,1931 S Loop 288 Ste 110
33,29.5952,-95.62,77479.0,TX,2621 Town Center Blvd N
34,35.1843,-101.93,79121.0,TX,121 Westgate Pkwy
35,32.8632,-96.804,75225.0,TX,8239 Preston Rd
36,32.672,-97.399,76132.0,TX,5284 S Hulen St # 110
37,32.8058,-96.798,75204.0,TX,3501 McKinney Ave
38,33.0085,-96.973,75067.0,TX,2267 S Stemmons Fwy Ste 601
39,31.8182,-106.54,79912.0,TX,807 Sunland Park Dr
40,29.5427,-95.144,77546.0,TX,19222 Gulf Fwy
41,29.8736,-95.645,77084.0,TX,6545 Highway 6 N
42,29.7862,-95.718,77084.0,TX,1120 Fry Rd
43,,,78411.0,TX,5425 S Padre Isl Dr #150 Moore Plaza
44,,,77385.0,TX,19075 Ih45 Suite 116B Portofino Center
45,33.5373,-101.92,79414.0,TX,6211 Slide Rd
46,,,-1.0,TX,
47,29.753,-95.406,77019.0,TX,1947 W Gray St
48,32.6783,-97.12,76017.0,TX,951 W Interstate 20 Ste 101
49,33.1038,-96.81,75034.0,TX,8500 Gaylord Pkwy #1
50,32.9275,-97.09,76051.0,TX,1217 W State Highway 114 Ste 124
51,29.4914,-98.706,78253.0,TX,5531 W Loop 1604 N
52,30.2556,-97.81,78746.0,TX,2901 S Capital Of Texas Hwy
53,26.1849,-98.233,78503.0,TX,2017 S 10th St
54,32.595,-96.941,75104.0,TX,364 N Highway 67
55,29.5569,-95.391,77584.0,TX,2813 Business Center Dr
56,29.6892,-95.464,77096.0,TX,4946 Beechnut St
57,31.7725,-106.37,79925.0,TX,1111 Hawkins Blvd # 3D
58,29.6496,-95.154,77505.0,TX,5556 Fairmont Pkwy
59,32.8236,-97.2,76053.0,TX,1341 W Pipeline Rd
60,30.3478,-95.482,77303.0,TX,2960 Interstate 45 N Ste 100
61,30.0063,-95.267,77338.0,TX,20125 Highway 59 N
62,32.9541,-96.819,75254.0,TX,5225 Belt Line Rd Ste 202
63,30.6126,-96.315,77840.0,TX,2002 Texas Ave S Ste 200
64,32.7333,-97.389,76107.0,TX,4701 West Fwy Ste 250
65,30.1219,-95.44,77386.0,TX,210 Spring Hill Dr Ste 135
66,29.7562,-95.625,77077.0,TX,1531 Eldridge Pkwy
67,33.0126,-96.708,75075.0,TX,909 N Central Expy Ste 200
68,,,75254.0,TX,5225 Beltline Rd Ste 202 Prestonwood Town Center
69,27.7086,-97.372,78411.0,TX,5425 S Padre Island Dr
70,32.5853,-96.949,75104.0,TX,264 S Highway 67
71,32.4077,-99.776,79606.0,TX,3550 Catclaw Dr
72,32.9387,-97.102,76092.0,TX,3030 E Southlake Blvd
73,29.7377,-95.489,77057.0,TX,6100 Westheimer Rd
74,32.8725,-96.769,75231.0,TX,9100 N Central Expy Ste 137
75,33.0313,-96.794,75093.0,TX,2401 Preston Rd
76,29.5519,-98.585,78230.0,TX,11745 W Interstate 10
77,30.4718,-97.803,78613.0,TX,11200 Lakeline Mall Dr Ste F13
78,30.1849,-95.452,77385.0,TX,19075 Interstate 45 S Ste 116B
79,,,78759.0,TX,9503 Research Blvd Blg5 Ste650 Gateway Sq Shopping Ctr
80,,,78746.0,TX,2901 South Capital Of Tx Hwy Barton Creek
81,30.1602,-97.789,78748.0,TX,9600 S Interstate 35 Ste S300
82,33.1038,-96.81,75034.0,TX,8500 Gaylord Pkwy Ste 1
83,32.9661,-96.993,75019.0,TX,215 S Denton Tap Rd Ste 210
84,29.4737,-98.612,78238.0,TX,6035 NW Loop 410
85,32.9061,-97.315,76177.0,TX,9300 Sage Meadow Trl
86,32.9354,-97.078,76051.0,TX,616 S Main St
87,32.9506,-97.133,76092.0,TX,1217 E State Highway 114 Ste 124
88,27.5701,-99.502,78045.0,TX,7305 San Dario Ave # 6
89,33.0085,-96.973,75067.0,TX,2267 S Stemmons Fwy # 601
90,32.8271,-97.313,76131.0,TX,4701 North Fwy
91,32.9881,-96.89,75007.0,TX,2630 N Josey Ln
92,32.0361,-102.12,79705.0,TX,2810 W Loop 250 N
93,29.5519,-98.585,78230.0,TX,11745 W Interstate 10 Ste 755
94,29.5206,-98.483,78216.0,TX,125 NW Loop 410 Ste 401
95,29.7193,-95.418,77005.0,TX,5829 Kirby Dr
96,29.5698,-98.328,78154.0,TX,8235 Agora Pkwy Ste 101
97,30.1183,-94.167,77706.0,TX,4030 Dowlen Rd Ste 1
98,32.8562,-96.75,75214.0,TX,502 Medallion Shp Ctr
99,33.1009,-96.805,75034.0,TX,2601 Preston Rd
0,41.7612,-111.83,84341.0,UT,1630 N Main St
1,41.0861,-111.98,84041.0,UT,1850 Woodland Park Dr
2,40.6199,-111.97,84084.0,UT,7211 S Plaza Center Dr Ste 190
3,40.7249,-111.85,84106.0,UT,2121 S Highland Dr
4,40.5609,-111.89,84070.0,UT,10491 S State St
5,40.6333,-111.88,84107.0,UT,6396 S State St
6,40.2733,-111.68,84097.0,UT,474 E University Pkwy
7,40.4345,-111.88,84043.0,UT,3700 Cabelas Blvd Ste 363
8,41.1887,-111.98,84405.0,UT,4099 Riverdale Rd Ste A
9,37.1182,-113.54,84790.0,UT,1770 Red Cliffs Dr Spc 1210
10,37.1098,-113.59,84770.0,UT,378 W Saint George Blvd
0,44.4459,-73.107,5495.0,VT,38 Connor Way
0,38.2949,-77.516,22407.0,VA,3102 Plank Rd
1,38.7769,-77.175,22150.0,VA,6536 Springfield Mall
2,38.6451,-77.299,22192.0,VA,2700 Potomac Mills Cir
3,37.1125,-76.499,23602.0,VA,12300 Jefferson Ave
4,39.0347,-77.423,20166.0,VA,21100 Dulles Town Cir Ste 196
5,37.6364,-77.549,23294.0,VA,9101 W Broad St
6,,,24012.0,VA,4802 Valley View Blvd NW Valley View Mall
7,37.5184,-77.37,23231.0,VA,3215 Williamsburg Rd
8,37.5055,-77.608,23235.0,VA,11500 Midlothian Tpke #240
9,38.9203,-77.232,22182.0,VA,8342 Leesburg Pike
10,38.8387,-77.051,22305.0,VA,3825 Jefferson Davis Hwy Ste C
11,38.7777,-77.172,22150.0,VA,6500 Frontier Dr
12,37.0444,-76.388,23666.0,VA,7 Coliseum Xing
13,38.776,-77.503,20109.0,VA,8301 Sudley Rd
14,37.6703,-77.46,23059.0,VA,9970 Brook Rd
15,36.7764,-76.23,23320.0,VA,1401 Greenbrier Pkwy
16,37.3021,-79.957,24012.0,VA,4757 Valley View Blvd NW
17,37.647,-77.584,23060.0,VA,10911 W Broad St Bldg A
18,38.8604,-77.359,22033.0,VA,11839L Fair Oaks Mall
19,36.7708,-76.228,23320.0,VA,1244 Greenbrier Pkwy Ste 530
20,38.2993,-77.511,22401.0,VA,1210 Carl D Silver Pkwy
21,37.108,-76.495,23602.0,VA,12146 Jefferson Ave
22,,,22901.0,VA,200 Twentyninth Place Ct
23,38.6514,-77.295,22192.0,VA,2784 Prince William Pkwy
24,37.5058,-77.605,23235.0,VA,11358 Midlothian Tpke
25,36.8495,-76.289,23510.0,VA,300 Monticello Ave Ste 167
26,,,23462.0,VA,"4545 Virginia Beach Blvd Virginia Beach, Va"
27,37.2546,-77.396,23834.0,VA,82 Southpark Mall
28,38.9639,-77.355,20190.0,VA,11870 Spectrum Ctr
29,39.0244,-77.425,20166.0,VA,45450 Dulles Crossing Plz
30,38.8594,-77.368,22033.0,VA,12227 Fair Lakes Promenade Dr
31,,,22407.0,VA,"137 Spotsylvania Mall Dr, 512 Spotsylvania Towne Ctr"
32,36.8232,-76.414,23321.0,VA,4200 Portsmouth Blvd
33,37.4163,-77.626,23112.0,VA,5203 Commonwealth Centre Pkwy
34,37.3673,-79.174,24502.0,VA,3405 Candlers Mountain Rd
35,38.0783,-78.471,22901.0,VA,1541 Rio Rd E # 1326B
36,38.294,-77.514,22407.0,VA,137 Spotsylvania Mall # 512
37,36.5958,-79.422,24540.0,VA,325 Piedmont Dr # 5N
38,38.294,-77.514,22407.0,VA,137 Spotsylvania Mall Dr 512
39,37.5145,-77.354,23231.0,VA,4321 November Ave
40,38.8895,-77.09,22201.0,VA,2715 Wilson Blvd
41,37.4195,-77.633,23112.0,VA,4680 Commonwealth Centre Pkwy
42,38.7817,-77.234,22152.0,VA,6230 Rolling Rd
43,38.8586,-77.338,22033.0,VA,11908 Lee Jackson Memorial Hwy
0,47.4569,-122.25,98188.0,WA,458 Southcenter Mall
1,47.6572,-117.41,99207.0,WA,5005 N Division #105/106
2,47.6093,-122.33,98101.0,WA,1404 4th Ave
3,47.451,-122.26,98188.0,WA,16971 Southcenter Pkwy
4,47.0388,-122.93,98502.0,WA,1001 Cooper Point Rd SW
5,47.6282,-122.14,98052.0,WA,2110 148th Ave NE
6,,,98226.0,WA,1 Bellis Fair Parkway Bellis Fair Mall
7,,,98373.0,WA,"4102 Meridian South, Ste B2 South Hill Center"
8,48.4514,-122.33,98233.0,WA,1835 S Burlington Blvd Ste 120
9,47.8318,-122.26,98037.0,WA,2701 184th St SW Ste 114
10,47.7086,-122.32,98125.0,WA,500 NE Northgate Way
11,47.2224,-122.47,98409.0,WA,2505 S 38th St Ste T
12,47.6563,-122.69,98383.0,WA,3236 NW Plaza Rd
13,47.615,-122.19,98004.0,WA,550 106th Ave NE
14,46.2226,-119.22,99336.0,WA,7500 W Quinault Ave
15,47.2967,-122.24,98001.0,WA,1424 Outlet Collection Dr SW
16,48.7869,-122.48,98226.0,WA,100 E Bellis Fair Pkwy
17,47.213,-122.3,98371.0,WA,922 Valley Ave NW
18,48.7843,-122.48,98226.0,WA,1 Bellis Fair Pkwy Ste 100
19,47.1529,-122.29,98373.0,WA,4102 S Meridian Ste B2
20,47.7034,-117.41,99207.0,WA,5005 N Division St # 105
21,45.6563,-122.58,98662.0,WA,8700 NE Vancouver Mall Dr Ste 103
0,38.3311,-81.712,25309.0,WV,86 R H L Blvd
1,39.3041,-81.549,26105.0,WV,401 Grand Central Ave
0,42.7017,-87.853,53406.0,WI,2520 S Green Bay Rd
1,43.2187,-87.923,53092.0,WI,11020 N Port Washington Rd Ste #8
2,42.6973,-87.853,53406.0,WI,6035 Durand Ave
3,43.1213,-89.317,53704.0,WI,3908 E Washington Ave
4,42.9521,-88.008,53220.0,WI,5090 S 76th St
5,43.1172,-87.916,53217.0,WI,5518 N Port Washington Rd
6,44.273,-88.469,54913.0,WI,4301 W Wisconsin Ave Ste 208
7,44.4838,-88.063,54304.0,WI,511 Bay Park Sq
8,43.0605,-89.518,53717.0,WI,7874 Mineral Point Rd
9,44.49,-88.064,54304.0,WI,2279 S Oneida St
10,43.0646,-88.047,53226.0,WI,2500 N Mayfair Rd
11,43.1209,-87.913,53217.0,WI,385 W Fountainview Dr # F120
12,43.8695,-91.198,54650.0,WI,9372 State Road 16
13,43.0364,-88.128,53045.0,WI,17300 W Bluemound Rd
14,43.0325,-88.106,53005.0,WI,95 N Moorland Rd Ste 6
15,44.2674,-88.474,54913.0,WI,4631 W Michaels Dr
16,44.7718,-91.438,54701.0,WI,4619 Keystone Xing
17,44.2648,-88.476,54913.0,WI,319 N Casaloma Dr
18,43.0599,-89.505,53719.0,WI,114 W Towne Mall Spc C60
19,44.4856,-88.064,54304.0,WI,227 Bay Park Sq
20,43.0372,-88.123,53005.0,WI,17000 W Bluemound Rd Ste B
21,43.0746,-88.057,53222.0,WI,11500 W Burleigh St Ste 104
22,43.3111,-87.925,53024.0,WI,976 Port Washington Rd
23,43.0599,-89.506,53719.0,WI,66 W Towne Mall
0,41.1602,-104.8,82009.0,WY,1650 Dell Range Blvd Ste C
